DateTime,1
2018-01-01,0.0
2018-01-02,0.0
2018-01-03,0.0
2018-01-04,0.0
2018-01-05,0.0
2018-01-06,0.0
2018-01-07,6053.857142857143
2018-01-08,6404.714285714285
2018-01-09,6539.714285714285
2018-01-10,6479.428571428572
2018-01-11,6527.0
2018-01-12,6545.0
2018-01-13,6712.571428571428
2018-01-14,6838.857142857143
2018-01-15,6910.142857142857
2018-01-16,6966.428571428572
2018-01-17,7066.428571428572
2018-01-18,7068.142857142857
2018-01-19,7089.0
2018-01-20,7032.285714285715
2018-01-21,6941.0
2018-01-22,6885.857142857143
2018-01-23,6906.714285714285
2018-01-24,6934.285714285715
2018-01-25,6915.428571428572
2018-01-26,6908.142857142857
2018-01-27,6998.142857142857
2018-01-28,7138.428571428572
2018-01-29,7267.428571428572
2018-01-30,7339.857142857143
2018-01-31,7385.142857142857
2018-02-01,7467.142857142857
2018-02-02,7556.285714285715
2018-02-03,7588.428571428572
2018-02-04,7582.428571428572
2018-02-05,7573.285714285715
2018-02-06,7588.285714285715
2018-02-07,7660.142857142857
2018-02-08,7724.142857142857
2018-02-09,7762.285714285715
2018-02-10,7771.571428571428
2018-02-11,7770.857142857143
2018-02-12,7735.428571428572
2018-02-13,7704.857142857143
2018-02-14,7636.857142857143
2018-02-15,7156.714285714285
2018-02-16,6538.0
2018-02-17,6227.142857142857
2018-02-18,6076.571428571428
2018-02-19,5943.428571428572
2018-02-20,5881.428571428572
2018-02-21,5849.857142857143
2018-02-22,6184.142857142857
2018-02-23,6734.142857142857
2018-02-24,6918.571428571428
2018-02-25,6960.714285714285
2018-02-26,7069.285714285715
2018-02-27,7055.714285714285
2018-02-28,6998.857142857143
2018-03-01,6862.857142857143
2018-03-02,6749.0
2018-03-03,6703.714285714285
2018-03-04,6684.714285714285
2018-03-05,6625.428571428572
2018-03-06,6659.714285714285
2018-03-07,6657.714285714285
2018-03-08,6750.714285714285
2018-03-09,6800.142857142857
2018-03-10,6826.142857142857
2018-03-11,6762.857142857143
2018-03-12,6773.285714285715
2018-03-13,6708.428571428572
2018-03-14,6727.857142857143
2018-03-15,6754.428571428572
2018-03-16,6726.0
2018-03-17,6706.857142857143
2018-03-18,6719.142857142857
2018-03-19,6640.285714285715
2018-03-20,6633.0
2018-03-21,6542.142857142857
2018-03-22,6561.142857142857
2018-03-23,6541.571428571428
2018-03-24,6504.714285714285
2018-03-25,6501.142857142857
2018-03-26,6518.285714285715
2018-03-27,6477.571428571428
2018-03-28,6557.428571428572
2018-03-29,6488.428571428572
2018-03-30,6512.857142857143
2018-03-31,6494.571428571428
2018-04-01,6460.0
2018-04-02,6537.0
2018-04-03,6587.571428571428
2018-04-04,6484.142857142857
2018-04-05,6523.285714285715
2018-04-06,6466.0
2018-04-07,6466.428571428572
2018-04-08,6439.571428571428
2018-04-09,6368.857142857143
2018-04-10,6353.0
2018-04-11,6418.428571428572
2018-04-12,6398.428571428572
2018-04-13,6441.857142857143
2018-04-14,6436.142857142857
2018-04-15,6486.0
2018-04-16,6519.0
2018-04-17,6511.428571428572
2018-04-18,6534.714285714285
2018-04-19,6548.571428571428
2018-04-20,6556.428571428572
2018-04-21,6611.428571428572
2018-04-22,6590.428571428572
2018-04-23,6560.285714285715
2018-04-24,6543.142857142857
2018-04-25,6563.714285714285
2018-04-26,6578.714285714285
2018-04-27,6584.571428571428
2018-04-28,6539.0
2018-04-29,6569.857142857143
2018-04-30,6556.285714285715
2018-05-01,6348.714285714285
2018-05-02,6310.857142857143
2018-05-03,6387.428571428572
2018-05-04,6461.857142857143
2018-05-05,6425.571428571428
2018-05-06,6367.714285714285
2018-05-07,6325.714285714285
2018-05-08,6689.142857142857
2018-05-09,6812.285714285715
2018-05-10,6813.571428571428
2018-05-11,6852.714285714285
2018-05-12,6950.571428571428
2018-05-13,7080.285714285715
2018-05-14,7297.714285714285
2018-05-15,7267.571428571428
2018-05-16,7280.428571428572
2018-05-17,7346.857142857143
2018-05-18,7334.428571428572
2018-05-19,7396.857142857143
2018-05-20,7377.0
2018-05-21,7210.285714285715
2018-05-22,6941.285714285715
2018-05-23,6919.0
2018-05-24,6917.142857142857
2018-05-25,6911.285714285715
2018-05-26,6939.428571428572
2018-05-27,7025.142857142857
2018-05-28,7226.285714285715
2018-05-29,7489.428571428572
2018-05-30,7545.142857142857
2018-05-31,7529.142857142857
2018-06-01,7567.857142857143
2018-06-02,7533.571428571428
2018-06-03,7448.857142857143
2018-06-04,7382.714285714285
2018-06-05,7438.571428571428
2018-06-06,7189.571428571428
2018-06-07,7179.142857142857
2018-06-08,7186.285714285715
2018-06-09,7145.0
2018-06-10,7197.571428571428
2018-06-11,7182.285714285715
2018-06-12,7163.714285714285
2018-06-13,7170.0
2018-06-14,7126.571428571428
2018-06-15,7127.0
2018-06-16,7179.285714285715
2018-06-17,7131.857142857143
2018-06-18,7167.142857142857
2018-06-19,7103.571428571428
2018-06-20,7374.428571428572
2018-06-21,7459.571428571428
2018-06-22,7472.714285714285
2018-06-23,7507.0
2018-06-24,7570.428571428572
2018-06-25,7622.428571428572
2018-06-26,7965.857142857143
2018-06-27,8761.119421836478
2018-06-28,8716.405136122192
2018-06-29,8755.262278979335
2018-06-30,8764.262278979335
2018-07-01,8718.833707550764
2018-07-02,8648.262278979335
2018-07-03,8393.976564693621
2018-07-04,7625.285714285715
2018-07-05,7661.142857142857
2018-07-06,7636.714285714285
2018-07-07,7622.714285714285
2018-07-08,7661.857142857143
2018-07-09,7702.285714285715
2018-07-10,7718.714285714285
2018-07-11,7740.857142857143
2018-07-12,7809.142857142857
2018-07-13,7804.428571428572
2018-07-14,7787.857142857143
2018-07-15,7867.0
2018-07-16,7944.428571428572
2018-07-17,7962.142857142857
2018-07-18,7946.142857142857
2018-07-19,7968.857142857143
2018-07-20,8038.571428571428
2018-07-21,8068.285714285715
2018-07-22,7958.714285714285
2018-07-23,7957.428571428572
2018-07-24,7983.857142857143
2018-07-25,7926.428571428572
2018-07-26,7757.571428571428
2018-07-27,7751.571428571428
2018-07-28,7758.428571428572
2018-07-29,7732.285714285715
2018-07-30,7369.285714285715
2018-07-31,6999.714285714285
2018-08-01,6599.714285714285
2018-08-02,6417.428571428572
2018-08-03,6034.571428571428
2018-08-04,5855.857142857143
2018-08-05,5930.428571428572
2018-08-06,6237.857142857143
2018-08-07,6544.428571428572
2018-08-08,6930.714285714285
2018-08-09,7243.714285714285
2018-08-10,7599.571428571428
2018-08-11,7715.142857142857
2018-08-12,7678.428571428572
2018-08-13,7733.142857142857
2018-08-14,7751.0
2018-08-15,7564.571428571428
2018-08-16,7598.142857142857
2018-08-17,7592.571428571428
2018-08-18,7596.0
2018-08-19,7594.571428571428
2018-08-20,7552.0
2018-08-21,7585.428571428572
2018-08-22,7839.142857142857
2018-08-23,7759.0
2018-08-24,7735.285714285715
2018-08-25,7760.142857142857
2018-08-26,7737.571428571428
2018-08-27,7740.285714285715
2018-08-28,7721.285714285715
2018-08-29,7705.714285714285
2018-08-30,7725.0
2018-08-31,7702.285714285715
2018-09-01,7323.142857142857
2018-09-02,6550.428571428572
2018-09-03,7385.119421836477
2018-09-04,7377.547993265049
2018-09-05,7307.97656469362
2018-09-06,7322.690850407906
2018-09-07,7317.262278979334
2018-09-08,7724.547993265049
2018-09-09,8529.262278979335
2018-09-10,7653.285714285715
2018-09-11,7618.142857142857
2018-09-12,7645.428571428572
2018-09-13,7579.571428571428
2018-09-14,7575.0
2018-09-15,7581.0
2018-09-16,7568.285714285715
2018-09-17,7572.857142857143
2018-09-18,7613.857142857143
2018-09-19,7459.714285714285
2018-09-20,7511.142857142857
2018-09-21,7532.571428571428
2018-09-22,7478.0
2018-09-23,7318.142857142857
2018-09-24,6697.0
2018-09-25,6111.857142857143
2018-09-26,5809.428571428572
2018-09-27,5635.0
2018-09-28,5544.428571428572
2018-09-29,5559.142857142857
2018-09-30,5707.428571428572
2018-10-01,6285.857142857143
2018-10-02,6772.571428571428
2018-10-03,6986.142857142857
2018-10-04,7102.857142857143
2018-10-05,7111.714285714285
2018-10-06,7077.714285714285
2018-10-07,7039.285714285715
2018-10-08,6981.0
2018-10-09,6753.428571428572
2018-10-10,6899.285714285715
2018-10-11,6913.142857142857
2018-10-12,6951.0
2018-10-13,6967.142857142857
2018-10-14,7007.142857142857
2018-10-15,7093.571428571428
2018-10-16,7296.857142857143
2018-10-17,7391.285714285715
2018-10-18,7340.857142857143
2018-10-19,7319.142857142857
2018-10-20,7376.142857142857
2018-10-21,7349.714285714285
2018-10-22,7302.428571428572
2018-10-23,7334.142857142857
2018-10-24,7319.285714285715
2018-10-25,7356.571428571428
2018-10-26,7327.571428571428
2018-10-27,7276.857142857143
2018-10-28,7302.142857142857
2018-10-29,7298.0
2018-10-30,7323.0
2018-10-31,7321.285714285715
2018-11-01,6522.285714285715
2018-11-02,6216.428571428572
2018-11-03,6196.428571428572
2018-11-04,6179.0
2018-11-05,6209.857142857143
2018-11-06,6179.285714285715
2018-11-07,6159.428571428572
2018-11-08,6932.428571428572
2018-11-09,7279.428571428572
2018-11-10,7307.285714285715
2018-11-11,7332.285714285715
2018-11-12,7335.714285714285
2018-11-13,7406.857142857143
2018-11-14,7412.571428571428
2018-11-15,7489.714285714285
2018-11-16,7487.714285714285
2018-11-17,7534.714285714285
2018-11-18,7539.142857142857
2018-11-19,7534.285714285715
2018-11-20,7521.428571428572
2018-11-21,7531.285714285715
2018-11-22,7512.0
2018-11-23,7623.428571428572
2018-11-24,7612.142857142857
2018-11-25,7612.857142857143
2018-11-26,7609.857142857143
2018-11-27,7607.857142857143
2018-11-28,7931.428571428572
2018-11-29,7988.0
2018-11-30,7994.571428571428
2018-12-01,8017.142857142857
2018-12-02,8089.714285714285
2018-12-03,8168.285714285715
2018-12-04,8190.857142857143
2018-12-05,7958.142857142857
2018-12-06,7912.0
2018-12-07,7893.571428571428
2018-12-08,7913.285714285715
2018-12-09,7872.428571428572
2018-12-10,7884.285714285715
2018-12-11,7823.857142857143
2018-12-12,7766.714285714285
2018-12-13,7763.285714285715
2018-12-14,7693.0
2018-12-15,7715.428571428572
2018-12-16,7715.428571428572
2018-12-17,7656.285714285715
2018-12-18,7713.0
2018-12-19,7683.285714285715
2018-12-20,7662.571428571428
2018-12-21,7653.285714285715
2018-12-22,7665.714285714285
2018-12-23,7622.285714285715
2018-12-24,7516.142857142857
2018-12-25,7209.571428571428
2018-12-26,7208.285714285715
2018-12-27,7195.428571428572
2018-12-28,7189.571428571428
2018-12-29,7055.142857142857
2018-12-30,7069.285714285715
2018-12-31,6991.714285714285
2019-01-01,6878.0
2019-01-02,6753.428571428572
2019-01-03,6677.571428571428
2019-01-04,6617.857142857143
2019-01-05,6605.0
2019-01-06,6621.0
2019-01-07,6838.857142857143
2019-01-08,7238.857142857143
2019-01-09,7374.142857142857
2019-01-10,7482.714285714285
2019-01-11,7528.571428571428
2019-01-12,7594.428571428572
2019-01-13,7576.285714285715
2019-01-14,7517.428571428572
2019-01-15,7533.0
2019-01-16,7488.285714285715
2019-01-17,7533.857142857143
2019-01-18,7544.142857142857
2019-01-19,7546.285714285715
2019-01-20,7587.142857142857
2019-01-21,7596.428571428572
2019-01-22,7557.857142857143
2019-01-23,7611.285714285715
2019-01-24,7501.857142857143
2019-01-25,7538.0
2019-01-26,7567.571428571428
2019-01-27,7555.428571428572
2019-01-28,7565.285714285715
2019-01-29,7572.428571428572
2019-01-30,7540.714285714285
2019-01-31,7589.0
2019-02-01,7606.857142857143
2019-02-02,7538.857142857143
2019-02-03,7483.0
2019-02-04,6986.285714285715
2019-02-05,6391.571428571428
2019-02-06,5956.428571428572
2019-02-07,5686.142857142857
2019-02-08,5580.857142857143
2019-02-09,5555.571428571428
2019-02-10,5584.142857142857
2019-02-11,6095.571428571428
2019-02-12,6721.428571428572
2019-02-13,7202.428571428572
2019-02-14,7490.714285714285
2019-02-15,7602.285714285715
2019-02-16,7622.571428571428
2019-02-17,7680.571428571428
2019-02-18,7667.571428571428
2019-02-19,7596.142857142857
2019-02-20,7580.428571428572
2019-02-21,7498.714285714285
2019-02-22,7458.428571428572
2019-02-23,7438.142857142857
2019-02-24,7353.571428571428
2019-02-25,7343.428571428572
2019-02-26,7349.571428571428
2019-02-27,7308.571428571428
2019-02-28,7325.428571428572
2019-03-01,7060.285714285715
2019-03-02,7023.285714285715
2019-03-03,7032.571428571428
2019-03-04,7030.714285714285
2019-03-05,7028.857142857143
2019-03-06,7039.571428571428
2019-03-07,7045.714285714285
2019-03-08,7287.428571428572
2019-03-09,7347.571428571428
2019-03-10,7343.142857142857
2019-03-11,7307.857142857143
2019-03-12,7314.285714285715
2019-03-13,7277.142857142857
2019-03-14,7315.428571428572
2019-03-15,7268.142857142857
2019-03-16,7317.571428571428
2019-03-17,7345.571428571428
2019-03-18,7348.0
2019-03-19,7394.714285714285
2019-03-20,7386.714285714285
2019-03-21,7348.285714285715
2019-03-22,7406.142857142857
2019-03-23,7356.0
2019-03-24,7349.571428571428
2019-03-25,7344.285714285715
2019-03-26,7327.142857142857
2019-03-27,7356.142857142857
2019-03-28,7376.142857142857
2019-03-29,7342.285714285715
2019-03-30,7335.142857142857
2019-03-31,7325.571428571428
2019-04-01,7300.571428571428
2019-04-02,7287.857142857143
2019-04-03,7286.714285714285
2019-04-04,7283.714285714285
2019-04-05,7286.285714285715
2019-04-06,7299.428571428572
2019-04-07,7290.285714285715
2019-04-08,7342.714285714285
2019-04-09,7317.285714285715
2019-04-10,7317.142857142857
2019-04-11,7309.428571428572
2019-04-12,7344.857142857143
2019-04-13,7353.285714285715
2019-04-14,7341.714285714285
2019-04-15,7307.285714285715
2019-04-16,7363.142857142857
2019-04-17,7437.714285714285
2019-04-18,7433.428571428572
2019-04-19,7442.0
2019-04-20,7444.0
2019-04-21,7463.0
2019-04-22,7544.428571428572
2019-04-23,7517.571428571428
2019-04-24,7470.857142857143
2019-04-25,7484.142857142857
2019-04-26,7440.0
2019-04-27,7425.857142857143
2019-04-28,7401.714285714285
2019-04-29,7322.714285714285
2019-04-30,7296.285714285715
2019-05-01,6993.285714285715
2019-05-02,6973.714285714285
2019-05-03,6990.142857142857
2019-05-04,6928.714285714285
2019-05-05,6872.142857142857
2019-05-06,6641.285714285715
2019-05-07,6643.571428571428
2019-05-08,6919.285714285715
2019-05-09,6940.0
2019-05-10,6981.857142857143
2019-05-11,7010.714285714285
2019-05-12,7129.428571428572
2019-05-13,7440.285714285715
2019-05-14,7397.285714285715
2019-05-15,7422.857142857143
2019-05-16,7513.714285714285
2019-05-17,7501.571428571428
2019-05-18,7528.0
2019-05-19,7482.142857142857
2019-05-20,7427.571428571428
2019-05-21,7484.571428571428
2019-05-22,7461.142857142857
2019-05-23,7416.285714285715
2019-05-24,7418.428571428572
2019-05-25,7467.428571428572
2019-05-26,7485.714285714285
2019-05-27,7397.714285714285
2019-05-28,7426.428571428572
2019-05-29,7906.0
2019-05-30,7960.142857142857
2019-05-31,7991.0
2019-06-01,7917.428571428572
2019-06-02,7918.428571428572
2019-06-03,8033.142857142857
2019-06-04,7989.857142857143
2019-06-05,7527.285714285715
2019-06-06,7216.428571428572
2019-06-07,7053.142857142857
2019-06-08,7092.428571428572
2019-06-09,7102.714285714285
2019-06-10,7069.714285714285
2019-06-11,7133.285714285715
2019-06-12,7126.0
2019-06-13,7358.714285714285
2019-06-14,7490.714285714285
2019-06-15,7496.285714285715
2019-06-16,7460.857142857143
2019-06-17,7537.857142857143
2019-06-18,7545.428571428572
2019-06-19,7679.857142857143
2019-06-20,7712.0
2019-06-21,7734.428571428572
2019-06-22,7789.142857142857
2019-06-23,7840.285714285715
2019-06-24,7855.0
2019-06-25,7843.428571428572
2019-06-26,7689.714285714285
2019-06-27,7662.428571428572
2019-06-28,7655.571428571428
2019-06-29,7602.285714285715
2019-06-30,7607.857142857143
2019-07-01,7525.0
2019-07-02,7538.428571428572
2019-07-03,7646.285714285715
2019-07-04,7666.857142857143
2019-07-05,7689.142857142857
2019-07-06,7709.0
2019-07-07,7651.571428571428
2019-07-08,7691.571428571428
2019-07-09,7560.857142857143
2019-07-10,7530.857142857143
2019-07-11,7509.857142857143
2019-07-12,7508.714285714285
2019-07-13,7499.428571428572
2019-07-14,7504.714285714285
2019-07-15,7480.285714285715
2019-07-16,7602.428571428572
2019-07-17,7593.285714285715
2019-07-18,7625.0
2019-07-19,7590.0
2019-07-20,7588.285714285715
2019-07-21,7624.428571428572
2019-07-22,7712.0
2019-07-23,7756.285714285715
2019-07-24,7747.0
2019-07-25,7712.571428571428
2019-07-26,7727.714285714285
2019-07-27,7745.285714285715
2019-07-28,7692.571428571428
2019-07-29,7635.428571428572
2019-07-30,7540.571428571428
2019-07-31,7462.857142857143
2019-08-01,7482.714285714285
2019-08-02,7375.714285714285
2019-08-03,7294.714285714285
2019-08-04,7256.714285714285
2019-08-05,7028.0
2019-08-06,6790.142857142857
2019-08-07,6560.428571428572
2019-08-08,6293.0
2019-08-09,6141.714285714285
2019-08-10,6112.857142857143
2019-08-11,6193.285714285715
2019-08-12,6440.428571428572
2019-08-13,6923.857142857143
2019-08-14,7261.428571428572
2019-08-15,7296.428571428572
2019-08-16,7506.714285714285
2019-08-17,7562.571428571428
2019-08-18,7586.0
2019-08-19,7550.714285714285
2019-08-20,7408.0
2019-08-21,7399.571428571428
2019-08-22,7643.857142857143
2019-08-23,7673.857142857143
2019-08-24,7621.285714285715
2019-08-25,7577.857142857143
2019-08-26,7631.285714285715
2019-08-27,7500.571428571428
2019-08-28,7503.857142857143
2019-08-29,7742.857142857143
2019-08-30,7901.285714285715
2019-08-31,7951.0
2019-09-01,7940.571428571428
2019-09-02,7751.0
2019-09-03,7825.285714285715
2019-09-04,7815.857142857143
2019-09-05,7577.571428571428
2019-09-06,7395.571428571428
2019-09-07,7417.714285714285
2019-09-08,7465.285714285715
2019-09-09,7623.428571428572
2019-09-10,7653.714285714285
2019-09-11,7590.714285714285
2019-09-12,7123.857142857143
2019-09-13,6573.428571428572
2019-09-14,6330.857142857143
2019-09-15,6292.857142857143
2019-09-16,6162.857142857143
2019-09-17,6119.714285714285
2019-09-18,6164.428571428572
2019-09-19,6582.571428571428
2019-09-20,7154.0
2019-09-21,7389.857142857143
2019-09-22,7353.285714285715
2019-09-23,7423.285714285715
2019-09-24,7415.428571428572
2019-09-25,7395.285714285715
2019-09-26,7388.285714285715
2019-09-27,7381.857142857143
2019-09-28,7396.428571428572
2019-09-29,7448.428571428572
2019-09-30,7479.857142857143
2019-10-01,7432.285714285715
2019-10-02,7380.142857142857
2019-10-03,7216.571428571428
2019-10-04,7093.285714285715
2019-10-05,7046.0
2019-10-06,7016.571428571428
2019-10-07,6922.571428571428
2019-10-08,6887.0
2019-10-09,6720.857142857143
2019-10-10,6820.571428571428
2019-10-11,6893.857142857143
2019-10-12,6899.142857142857
2019-10-13,6928.857142857143
2019-10-14,7012.714285714285
2019-10-15,7032.285714285715
2019-10-16,7202.428571428572
2019-10-17,7292.0
2019-10-18,7329.571428571428
2019-10-19,7349.142857142857
2019-10-20,7361.142857142857
2019-10-21,7374.285714285715
2019-10-22,7396.714285714285
2019-10-23,7448.142857142857
2019-10-24,7449.285714285715
2019-10-25,7453.428571428572
2019-10-26,7463.0
2019-10-27,7466.714285714285
2019-10-28,7439.285714285715
2019-10-29,7459.714285714285
2019-10-30,7475.428571428572
2019-10-31,7450.0
2019-11-01,7433.714285714285
2019-11-02,7400.714285714285
2019-11-03,7390.285714285715
2019-11-04,7426.0
2019-11-05,7459.857142857143
2019-11-06,7386.571428571428
2019-11-07,7391.571428571428
2019-11-08,7401.714285714285
2019-11-09,7388.0
2019-11-10,7346.0
2019-11-11,7253.714285714285
2019-11-12,7247.714285714285
2019-11-13,7279.571428571428
2019-11-14,7273.428571428572
2019-11-15,7279.428571428572
2019-11-16,7277.571428571428
2019-11-17,7280.571428571428
2019-11-18,7331.857142857143
2019-11-19,7350.857142857143
2019-11-20,7402.571428571428
2019-11-21,7432.0
2019-11-22,7443.714285714285
2019-11-23,7524.857142857143
2019-11-24,7560.142857142857
2019-11-25,7558.428571428572
2019-11-26,7598.857142857143
2019-11-27,7536.714285714285
2019-11-28,7384.857142857143
2019-11-29,7367.714285714285
2019-11-30,7299.428571428572
2019-12-01,7262.428571428572
2019-12-02,7286.714285714285
2019-12-03,7185.428571428572
2019-12-04,7210.142857142857
2019-12-05,7362.428571428572
2019-12-06,7426.285714285715
2019-12-07,7495.142857142857
2019-12-08,7598.857142857143
2019-12-09,7620.142857142857
2019-12-10,7630.428571428572
2019-12-11,7655.571428571428
2019-12-12,7633.428571428572
2019-12-13,7637.714285714285
2019-12-14,7612.571428571428
2019-12-15,7554.714285714285
2019-12-16,7552.857142857143
2019-12-17,7549.285714285715
2019-12-18,7566.857142857143
2019-12-19,7560.428571428572
2019-12-20,7514.0
2019-12-21,7526.571428571428
2019-12-22,7037.0
2019-12-23,7449.714285714285
2019-12-24,7416.285714285715
2019-12-25,7108.428571428572
2019-12-26,7049.428571428572
2019-12-27,7041.857142857143
2019-12-28,7046.428571428572
2019-12-29,7507.714285714285
2019-12-30,6982.428571428572
2019-12-31,6901.428571428572
2020-01-01,6777.142857142857
2020-01-02,6645.714285714285
2020-01-03,6454.285714285715
2020-01-04,6359.0
2020-01-05,6386.714285714285
2020-01-06,6477.571428571428
2020-01-07,6572.428571428572
2020-01-08,6959.428571428572
2020-01-09,7175.285714285715
2020-01-10,7335.428571428572
2020-01-11,7388.428571428572
2020-01-12,7410.714285714285
2020-01-13,7431.428571428572
2020-01-14,7485.0
2020-01-15,7472.857142857143
2020-01-16,7475.857142857143
2020-01-17,7468.571428571428
2020-01-18,7497.714285714285
2020-01-19,7488.285714285715
2020-01-20,7475.857142857143
2020-01-21,7469.571428571428
2020-01-22,7412.714285714285
2020-01-23,7316.571428571428
2020-01-24,6933.0
2020-01-25,6546.285714285715
2020-01-26,6389.285714285715
2020-01-27,5985.142857142857
2020-01-28,5770.571428571428
2020-01-29,5773.857142857143
2020-01-30,5783.714285714285
2020-01-31,6142.714285714285
2020-02-01,6457.428571428572
2020-02-02,6618.142857142857
2020-02-03,7023.142857142857
2020-02-04,7247.142857142857
2020-02-05,7363.714285714285
2020-02-06,7484.428571428572
2020-02-07,7527.285714285715
2020-02-08,7570.857142857143
2020-02-09,7583.857142857143
2020-02-10,7541.571428571428
2020-02-11,7468.285714285715
2020-02-12,7299.857142857143
2020-02-13,7125.0
2020-02-14,7069.428571428572
2020-02-15,7002.0
2020-02-16,6959.857142857143
2020-02-17,6887.714285714285
2020-02-18,6825.142857142857
2020-02-19,6842.857142857143
2020-02-20,6856.285714285715
2020-02-21,6831.142857142857
2020-02-22,6872.571428571428
2020-02-23,6880.714285714285
2020-02-24,6997.285714285715
2020-02-25,7084.0
2020-02-26,7185.714285714285
2020-02-27,7269.571428571428
2020-02-28,7326.428571428572
2020-02-29,7309.714285714285
2020-03-01,7285.142857142857
2020-03-02,7220.428571428572
2020-03-03,7199.571428571428
2020-03-04,7179.142857142857
2020-03-05,7201.285714285715
2020-03-06,7210.0
2020-03-07,7210.428571428572
2020-03-08,7208.285714285715
2020-03-09,7252.142857142857
2020-03-10,7227.571428571428
2020-03-11,7198.285714285715
2020-03-12,7220.714285714285
2020-03-13,7248.142857142857
2020-03-14,7300.714285714285
2020-03-15,7321.285714285715
2020-03-16,7338.142857142857
2020-03-17,7387.571428571428
2020-03-18,7436.571428571428
2020-03-19,7424.142857142857
2020-03-20,7417.857142857143
2020-03-21,7434.142857142857
2020-03-22,7423.285714285715
2020-03-23,7396.857142857143
2020-03-24,7502.142857142857
2020-03-25,7510.857142857143
2020-03-26,7448.142857142857
2020-03-27,7398.857142857143
2020-03-28,7366.571428571428
2020-03-29,7337.142857142857
2020-03-30,7350.285714285715
2020-03-31,7248.0
2020-04-01,7194.285714285715
2020-04-02,7152.428571428572
2020-04-03,7162.571428571428
2020-04-04,7183.142857142857
2020-04-05,7179.571428571428
2020-04-06,7144.428571428572
2020-04-07,7110.571428571428
2020-04-08,7130.142857142857
2020-04-09,7169.428571428572
2020-04-10,7183.571428571428
2020-04-11,7143.571428571428
2020-04-12,7155.0
2020-04-13,7121.857142857143
2020-04-14,7081.857142857143
2020-04-15,6764.857142857143
2020-04-16,6768.285714285715
2020-04-17,6755.714285714285
2020-04-18,6755.285714285715
2020-04-19,6734.428571428572
2020-04-20,6773.142857142857
2020-04-21,6853.857142857143
2020-04-22,7142.285714285715
2020-04-23,7134.142857142857
2020-04-24,7124.571428571428
2020-04-25,7125.428571428572
2020-04-26,7124.285714285715
2020-04-27,7137.571428571428
2020-04-28,7075.428571428572
2020-04-29,7081.571428571428
2020-04-30,6900.857142857143
2020-05-01,6571.0
2020-05-02,6437.571428571428
2020-05-03,6410.714285714285
2020-05-04,6123.142857142857
2020-05-05,5813.714285714285
2020-05-06,5793.285714285715
2020-05-07,6003.714285714285
2020-05-08,6334.571428571428
2020-05-09,6418.142857142857
2020-05-10,6406.0
2020-05-11,6638.857142857143
2020-05-12,6926.142857142857
2020-05-13,6906.285714285715
2020-05-14,6853.571428571428
2020-05-15,6837.571428571428
2020-05-16,6875.428571428572
2020-05-17,6971.0
2020-05-18,7023.285714285715
2020-05-19,7001.428571428572
2020-05-20,7021.714285714285
2020-05-21,6505.142857142857
2020-05-22,5437.428571428572
2020-05-23,4573.428571428572
2020-05-24,3776.5714285714284
2020-05-25,4698.405136122193
2020-05-26,4751.6908504079065
2020-05-27,4806.833707550764
2020-05-28,5354.119421836478
2020-05-29,6393.119421836478
2020-05-30,7281.6908504079065
2020-05-31,8062.119421836478
2020-06-01,7114.285714285715
2020-06-02,7172.428571428572
2020-06-03,7202.428571428572
2020-06-04,7236.714285714285
2020-06-05,7293.285714285715
2020-06-06,7265.857142857143
2020-06-07,7254.428571428572
2020-06-08,7341.428571428572
2020-06-09,7437.428571428572
2020-06-10,7421.857142857143
2020-06-11,7461.142857142857
2020-06-12,7499.428571428572
2020-06-13,7516.0
2020-06-14,7517.571428571428
2020-06-15,7444.142857142857
2020-06-16,7312.0
2020-06-17,7310.571428571428
2020-06-18,7310.857142857143
2020-06-19,7278.0
2020-06-20,7283.428571428572
2020-06-21,7305.714285714285
2020-06-22,7352.142857142857
2020-06-23,7409.714285714285
2020-06-24,7399.285714285715
2020-06-25,7343.857142857143
2020-06-26,7344.285714285715
2020-06-27,7375.714285714285
2020-06-28,7388.142857142857
2020-06-29,7317.571428571428
2020-06-30,7256.0
2020-07-01,7226.714285714285
2020-07-02,7278.285714285715
2020-07-03,7286.571428571428
2020-07-04,7231.285714285715
2020-07-05,7245.714285714285
2020-07-06,7324.714285714285
2020-07-07,7356.571428571428
2020-07-08,7416.857142857143
2020-07-09,7412.285714285715
2020-07-10,7440.714285714285
2020-07-11,7475.142857142857
2020-07-12,7407.714285714285
2020-07-13,7326.857142857143
2020-07-14,7262.428571428572
2020-07-15,7218.285714285715
2020-07-16,7193.714285714285
2020-07-17,7211.142857142857
2020-07-18,7198.428571428572
2020-07-19,7246.571428571428
2020-07-20,7310.142857142857
2020-07-21,7415.428571428572
2020-07-22,7384.0
2020-07-23,7341.857142857143
2020-07-24,7280.0
2020-07-25,7291.0
2020-07-26,7274.285714285715
2020-07-27,7225.142857142857
2020-07-28,7173.571428571428
2020-07-29,7185.714285714285
2020-07-30,7197.571428571428
2020-07-31,7260.142857142857
2020-08-01,7204.0
2020-08-02,7162.0
2020-08-03,6961.428571428572
2020-08-04,6662.857142857143
2020-08-05,6403.571428571428
2020-08-06,6178.428571428572
2020-08-07,5865.571428571428
2020-08-08,5806.428571428572
2020-08-09,5910.285714285715
2020-08-10,6171.142857142857
2020-08-11,6485.714285714285
2020-08-12,6794.857142857143
2020-08-13,7079.571428571428
2020-08-14,7398.857142857143
2020-08-15,7543.571428571428
2020-08-16,7477.571428571428
2020-08-17,7344.857142857143
2020-08-18,7384.0
2020-08-19,7428.142857142857
2020-08-20,7494.428571428572
2020-08-21,7528.428571428572
2020-08-22,7523.857142857143
2020-08-23,7519.428571428572
2020-08-24,7671.285714285715
2020-08-25,7701.285714285715
2020-08-26,7713.857142857143
2020-08-27,7652.714285714285
2020-08-28,7642.428571428572
2020-08-29,7627.142857142857
2020-08-30,7686.142857142857
2020-08-31,7694.714285714285
2020-09-01,7650.571428571428
2020-09-02,7594.0
2020-09-03,7560.714285714285
2020-09-04,7532.428571428572
2020-09-05,7530.142857142857
2020-09-06,7459.857142857143
2020-09-07,7389.571428571428
2020-09-08,7342.428571428572
2020-09-09,7273.714285714285
2020-09-10,7324.428571428572
2020-09-11,7329.428571428572
2020-09-12,7304.285714285715
2020-09-13,7337.857142857143
2020-09-14,7390.142857142857
2020-09-15,7438.714285714285
2020-09-16,7492.0
2020-09-17,7439.142857142857
2020-09-18,7393.571428571428
2020-09-19,7420.571428571428
2020-09-20,7365.857142857143
2020-09-21,7343.285714285715
2020-09-22,7316.857142857143
2020-09-23,7312.857142857143
2020-09-24,7319.285714285715
2020-09-25,7197.571428571428
2020-09-26,7184.857142857143
2020-09-27,7241.0
2020-09-28,7207.142857142857
2020-09-29,7126.0
2020-09-30,6672.714285714285
2020-10-01,6110.142857142857
2020-10-02,5722.428571428572
2020-10-03,5504.285714285715
2020-10-04,5422.142857142857
2020-10-05,5430.142857142857
2020-10-06,5458.0
2020-10-07,5881.285714285715
2020-10-08,6393.285714285715
2020-10-09,6810.571428571428
2020-10-10,6986.285714285715
2020-10-11,7074.571428571428
2020-10-12,7071.285714285715
2020-10-13,7085.285714285715
2020-10-14,7107.571428571428
2020-10-15,7137.571428571428
2020-10-16,7255.571428571428
2020-10-17,7318.0
2020-10-18,7347.857142857143
2020-10-19,7363.857142857143
2020-10-20,7374.571428571428
2020-10-21,7334.428571428572
2020-10-22,7400.571428571428
2020-10-23,7376.428571428572
2020-10-24,7329.285714285715
2020-10-25,7293.0
2020-10-26,7286.714285714285
2020-10-27,7265.428571428572
2020-10-28,7287.714285714285
2020-10-29,7270.857142857143
2020-10-30,7249.857142857143
2020-10-31,7254.285714285715
2020-11-01,7240.428571428572
2020-11-02,7214.142857142857
2020-11-03,7265.0
2020-11-04,7284.714285714285
2020-11-05,7211.142857142857
2020-11-06,7212.285714285715
2020-11-07,7218.0
2020-11-08,7255.571428571428
2020-11-09,7263.571428571428
2020-11-10,7235.571428571428
2020-11-11,7233.142857142857
2020-11-12,7231.142857142857
2020-11-13,7205.571428571428
2020-11-14,7155.142857142857
2020-11-15,7107.571428571428
2020-11-16,7121.857142857143
2020-11-17,7130.285714285715
2020-11-18,7110.142857142857
2020-11-19,7094.0
2020-11-20,7120.857142857143
2020-11-21,7194.285714285715
2020-11-22,7181.142857142857
2020-11-23,7169.285714285715
2020-11-24,7144.428571428572
2020-11-25,7162.714285714285
2020-11-26,7110.857142857143
2020-11-27,7095.285714285715
2020-11-28,7064.0
2020-11-29,7076.142857142857
2020-11-30,7081.714285714285
2020-12-01,7072.571428571428
2020-12-02,7080.285714285715
2020-12-03,7167.285714285715
2020-12-04,7182.428571428572
2020-12-05,7190.714285714285
2020-12-06,7230.428571428572
2020-12-07,7129.571428571428
2020-12-08,7066.571428571428
2020-12-09,7149.0
2020-12-10,7107.0
2020-12-11,7093.714285714285
2020-12-12,7090.0
2020-12-13,7050.571428571428
2020-12-14,7123.0
2020-12-15,7167.285714285715
2020-12-16,6997.0
2020-12-17,7044.857142857143
2020-12-18,7015.571428571428
2020-12-19,7003.714285714285
2020-12-20,7020.0
2020-12-21,7054.571428571428
2020-12-22,7061.285714285715
2020-12-23,7095.428571428572
2020-12-24,7028.428571428572
2020-12-25,6806.714285714285
2020-12-26,6764.142857142857
2020-12-27,6751.428571428572
2020-12-28,6661.571428571428
2020-12-29,6632.428571428572
2020-12-30,6543.714285714285
2020-12-31,6385.571428571428
2021-01-01,6346.285714285715
2021-01-02,6351.142857142857
2021-01-03,6375.857142857143
2021-01-04,6364.571428571428
2021-01-05,6332.571428571428
2021-01-06,6340.714285714285
2021-01-07,6446.428571428572
2021-01-08,6709.285714285715
2021-01-09,6892.428571428572
2021-01-10,7072.285714285715
2021-01-11,7322.285714285715
2021-01-12,7581.142857142857
2021-01-13,7897.428571428572
2021-01-14,8213.57142857143
2021-01-15,8373.42857142857
2021-01-16,8357.142857142857
2021-01-17,8296.857142857143
2021-01-18,8223.0
2021-01-19,8124.285714285715
2021-01-20,7986.571428571428
2021-01-21,7850.428571428572
2021-01-22,7737.142857142857
2021-01-23,7653.0
2021-01-24,7576.285714285715
2021-01-25,7503.142857142857
2021-01-26,7458.571428571428
2021-01-27,7406.714285714285
2021-01-28,7377.285714285715
2021-01-29,7444.714285714285
2021-01-30,7451.285714285715
2021-01-31,7475.428571428572
2021-02-01,7522.428571428572
2021-02-02,7516.0
2021-02-03,7568.857142857143
2021-02-04,7578.714285714285
2021-02-05,7554.0
2021-02-06,7526.142857142857
2021-02-07,7493.142857142857
2021-02-08,7447.285714285715
2021-02-09,7438.142857142857
2021-02-10,7331.571428571428
2021-02-11,6912.428571428572
2021-02-12,6413.714285714285
2021-02-13,6208.571428571428
2021-02-14,6095.428571428572
2021-02-15,5943.571428571428
2021-02-16,5936.571428571428
2021-02-17,6013.571428571428
2021-02-18,6436.714285714285
2021-02-19,6913.142857142857
2021-02-20,7128.142857142857
2021-02-21,7203.714285714285
2021-02-22,7377.571428571428
2021-02-23,7395.857142857143
2021-02-24,7374.857142857143
2021-02-25,7299.857142857143
2021-02-26,7263.0
2021-02-27,7193.428571428572
2021-02-28,7118.0
2021-03-01,6824.714285714285
2021-03-02,6772.857142857143
2021-03-03,6729.857142857143
2021-03-04,6721.285714285715
2021-03-05,6693.857142857143
2021-03-06,6738.285714285715
2021-03-07,6800.142857142857
2021-03-08,7019.285714285715
2021-03-09,7035.285714285715
2021-03-10,7025.285714285715
2021-03-11,7028.428571428572
2021-03-12,7028.0
2021-03-13,7026.714285714285
2021-03-14,6988.857142857143
2021-03-15,6973.142857142857
2021-03-16,6961.428571428572
2021-03-17,6992.857142857143
2021-03-18,7008.285714285715
2021-03-19,7043.142857142857
2021-03-20,6998.285714285715
2021-03-21,7025.857142857143
2021-03-22,7069.0
2021-03-23,7104.142857142857
2021-03-24,7086.0
2021-03-25,7063.428571428572
2021-03-26,7039.0
2021-03-27,7081.0
2021-03-28,7035.428571428572
2021-03-29,7032.857142857143
2021-03-30,7024.857142857143
2021-03-31,7047.857142857143
2021-04-01,7066.714285714285
2021-04-02,7069.428571428572
2021-04-03,7049.571428571428
2021-04-04,7085.428571428572
2021-04-05,7080.0
2021-04-06,7070.857142857143
2021-04-07,7041.714285714285
2021-04-08,7015.285714285715
2021-04-09,7023.571428571428
2021-04-10,7054.571428571428
2021-04-11,7118.857142857143
2021-04-12,7062.571428571428
2021-04-13,7080.0
2021-04-14,7081.857142857143
2021-04-15,7093.714285714285
2021-04-16,7138.714285714285
2021-04-17,7166.428571428572
2021-04-18,7123.285714285715
2021-04-19,7181.142857142857
2021-04-20,7186.0
2021-04-21,7191.714285714285
2021-04-22,7234.571428571428
2021-04-23,7275.0
2021-04-24,7263.714285714285
2021-04-25,7293.714285714285
2021-04-26,7365.857142857143
2021-04-27,7392.571428571428
2021-04-28,7396.428571428572
2021-04-29,7380.571428571428
2021-04-30,7311.285714285715
2021-05-01,7198.142857142857
2021-05-02,7147.857142857143
2021-05-03,7067.142857142857
2021-05-04,6970.428571428572
2021-05-05,6753.714285714285
2021-05-06,6710.714285714285
2021-05-07,6684.285714285715
2021-05-08,6804.428571428572
2021-05-09,6878.0
2021-05-10,6852.285714285715
2021-05-11,6939.142857142857
2021-05-12,7206.428571428572
2021-05-13,7297.714285714285
2021-05-14,7360.428571428572
2021-05-15,7382.142857142857
2021-05-16,7359.571428571428
2021-05-17,7403.142857142857
2021-05-18,7367.714285714285
2021-05-19,7165.857142857143
2021-05-20,7135.428571428572
2021-05-21,7063.0
2021-05-22,7053.428571428572
2021-05-23,7029.142857142857
2021-05-24,7020.714285714285
2021-05-25,7022.0
2021-05-26,7228.428571428572
2021-05-27,7221.857142857143
2021-05-28,7265.285714285715
2021-05-29,7287.428571428572
2021-05-30,7355.142857142857
2021-05-31,7373.571428571428
2021-06-01,7421.714285714285
2021-06-02,7468.142857142857
2021-06-03,7456.857142857143
2021-06-04,7482.0
2021-06-05,7449.0
2021-06-06,7400.714285714285
2021-06-07,7381.285714285715
2021-06-08,7457.857142857143
2021-06-09,7460.142857142857
2021-06-10,7510.0
2021-06-11,7494.428571428572
2021-06-12,7554.857142857143
2021-06-13,7617.0
2021-06-14,7639.428571428572
2021-06-15,7580.0
2021-06-16,7497.857142857143
2021-06-17,7477.571428571428
2021-06-18,7502.857142857143
2021-06-19,7477.142857142857
2021-06-20,7429.857142857143
2021-06-21,7453.714285714285
2021-06-22,7466.285714285715
2021-06-23,7560.857142857143
2021-06-24,7571.571428571428
2021-06-25,7596.142857142857
2021-06-26,7574.428571428572
2021-06-27,7612.714285714285
2021-06-28,7619.142857142857
2021-06-29,7661.571428571428
2021-06-30,7646.714285714285
2021-07-01,7703.571428571428
2021-07-02,7680.857142857143
2021-07-03,7722.428571428572
2021-07-04,7666.714285714285
2021-07-05,7671.857142857143
2021-07-06,7598.857142857143
2021-07-07,7624.142857142857
2021-07-08,7610.285714285715
2021-07-09,7636.428571428572
2021-07-10,7628.857142857143
2021-07-11,7654.714285714285
2021-07-12,7690.285714285715
2021-07-13,7758.0
2021-07-14,7788.0
2021-07-15,7826.857142857143
2021-07-16,7867.714285714285
2021-07-17,7900.571428571428
2021-07-18,7938.857142857143
2021-07-19,7956.0
2021-07-20,7943.428571428572
2021-07-21,7924.428571428572
2021-07-22,7953.142857142857
2021-07-23,7961.714285714285
2021-07-24,7999.571428571428
2021-07-25,7970.571428571428
2021-07-26,7904.571428571428
2021-07-27,7835.571428571428
2021-07-28,7839.0
2021-07-29,7798.571428571428
2021-07-30,7770.571428571428
2021-07-31,7631.857142857143
2021-08-01,7598.142857142857
2021-08-02,7306.571428571428
2021-08-03,7041.285714285715
2021-08-04,6715.0
2021-08-05,6413.857142857143
2021-08-06,6146.857142857143
2021-08-07,6143.142857142857
2021-08-08,6212.571428571428
2021-08-09,6567.142857142857
2021-08-10,6892.428571428572
2021-08-11,7187.571428571428
2021-08-12,7482.285714285715
2021-08-13,7760.0
2021-08-14,7890.857142857143
2021-08-15,7837.571428571428
2021-08-16,7679.714285714285
2021-08-17,7697.0
2021-08-18,7677.142857142857
2021-08-19,7637.428571428572
2021-08-20,7672.0
2021-08-21,7645.857142857143
2021-08-22,7725.0
2021-08-23,7890.142857142857
2021-08-24,7896.0
2021-08-25,7918.857142857143
2021-08-26,7996.714285714285
2021-08-27,7930.0
2021-08-28,7963.0
2021-08-29,7977.571428571428
2021-08-30,8010.142857142857
2021-08-31,8086.428571428572
2021-09-01,8143.571428571428
2021-09-02,8147.857142857143
2021-09-03,8180.857142857143
2021-09-04,8161.285714285715
2021-09-05,8101.857142857143
2021-09-06,8072.714285714285
2021-09-07,7975.142857142857
2021-09-08,7946.142857142857
2021-09-09,7924.857142857143
2021-09-10,7912.285714285715
2021-09-11,7970.0
2021-09-12,8018.571428571428
2021-09-13,8017.142857142857
2021-09-14,8052.857142857143
2021-09-15,8061.428571428572
2021-09-16,8077.142857142857
2021-09-17,8058.571428571428
2021-09-18,7984.285714285715
2021-09-19,7882.857142857143
2021-09-20,7448.571428571428
2021-09-21,6895.714285714285
2021-09-22,6430.0
2021-09-23,6167.142857142857
2021-09-24,6031.428571428572
2021-09-25,5994.285714285715
2021-09-26,6051.428571428572
2021-09-27,6400.0
2021-09-28,6968.571428571428
2021-09-29,7328.571428571428
2021-09-30,7498.571428571428
2021-10-01,7631.428571428572
2021-10-02,7622.857142857143
2021-10-03,7577.142857142857
2021-10-04,7551.428571428572
2021-10-05,7484.285714285715
2021-10-06,7520.0
2021-10-07,7510.0
2021-10-08,7494.285714285715
2021-10-09,7558.571428571428
2021-10-10,7512.857142857143
2021-10-11,7357.142857142857
2021-10-12,7298.571428571428
2021-10-13,7307.142857142857
2021-10-14,7301.428571428572
2021-10-15,7257.142857142857
2021-10-16,7162.857142857143
2021-10-17,7254.285714285715
2021-10-18,7501.428571428572
2021-10-19,7525.714285714285
2021-10-20,7515.714285714285
2021-10-21,7540.0
2021-10-22,7547.142857142857
2021-10-23,7595.714285714285
2021-10-24,7558.571428571428
2021-10-25,7478.571428571428
2021-10-26,7492.857142857143
2021-10-27,7497.142857142857
2021-10-28,7488.571428571428
2021-10-29,7485.714285714285
2021-10-30,7471.428571428572
2021-10-31,7495.714285714285
2021-11-01,7475.714285714285
2021-11-02,7488.571428571428
2021-11-03,7471.428571428572
2021-11-04,7440.0
2021-11-05,7480.0
2021-11-06,7507.142857142857
2021-11-07,7464.285714285715
2021-11-08,7477.142857142857
2021-11-09,7458.571428571428
2021-11-10,7430.0
2021-11-11,7434.285714285715
2021-11-12,7442.857142857143
2021-11-13,7431.428571428572
2021-11-14,7490.0
2021-11-15,7535.714285714285
2021-11-16,7714.285714285715
2021-11-17,7804.285714285715
2021-11-18,7815.714285714285
2021-11-19,7795.714285714285
2021-11-20,7837.142857142857
2021-11-21,7801.428571428572
2021-11-22,7797.142857142857
2021-11-23,7624.285714285715
2021-11-24,7598.571428571428
2021-11-25,7611.428571428572
2021-11-26,7614.285714285715
2021-11-27,7622.857142857143
2021-11-28,7627.142857142857
2021-11-29,7634.285714285715
2021-11-30,7600.0
2021-12-01,7577.142857142857
2021-12-02,7474.285714285715
2021-12-03,7492.857142857143
2021-12-04,7464.285714285715
2021-12-05,7470.0
2021-12-06,7457.142857142857
2021-12-07,7467.142857142857
2021-12-08,7471.428571428572
2021-12-09,7580.0
2021-12-10,7525.714285714285
2021-12-11,7528.571428571428
2021-12-12,7502.857142857143
2021-12-13,7528.571428571428
2021-12-14,7560.0
2021-12-15,7532.857142857143
2021-12-16,7518.571428571428
2021-12-17,7558.571428571428
2021-12-18,7604.285714285715
2021-12-19,7701.428571428572
2021-12-20,7731.428571428572
2021-12-21,7748.571428571428
2021-12-22,7754.285714285715
2021-12-23,7804.285714285715
2021-12-24,7802.857142857143
2021-12-25,7757.142857142857
2021-12-26,7752.857142857143
2021-12-27,7758.571428571428
2021-12-28,7802.857142857143
2021-12-29,7852.857142857143
2021-12-30,7777.142857142857
2021-12-31,7688.571428571428
2022-01-01,7598.571428571428
2022-01-02,7598.571428571428
2022-01-03,7588.571428571428
2022-01-04,7552.857142857143
2022-01-05,7495.714285714285
2022-01-06,7550.0
2022-01-07,7648.571428571428
2022-01-08,7744.285714285715
2022-01-09,7717.142857142857
2022-01-10,7697.142857142857
2022-01-11,7664.285714285715
2022-01-12,7705.714285714285
2022-01-13,7725.714285714285
2022-01-14,7707.142857142857
2022-01-15,7755.714285714285
2022-01-16,7787.142857142857
2022-01-17,7777.142857142857
2022-01-18,7827.142857142857
2022-01-19,7814.285714285715
2022-01-20,7808.571428571428
2022-01-21,7844.285714285715
2022-01-22,7774.285714285715
2022-01-23,7751.428571428572
2022-01-24,7741.428571428572
2022-01-25,7682.857142857143
2022-01-26,7681.428571428572
2022-01-27,7678.571428571428
2022-01-28,7704.285714285715
2022-01-29,7661.428571428572
2022-01-30,7584.285714285715
2022-01-31,7211.428571428572
2022-02-01,6738.571428571428
2022-02-02,6401.428571428572
2022-02-03,6288.571428571428
2022-02-04,6192.857142857143
2022-02-05,6255.714285714285
2022-02-06,6337.142857142857
2022-02-07,6755.714285714285
2022-02-08,7252.857142857143
2022-02-09,7592.857142857143
2022-02-10,7720.0
2022-02-11,7750.0
2022-02-12,7754.285714285715
2022-02-13,7707.142857142857
2022-02-14,7651.428571428572
2022-02-15,7621.428571428572
2022-02-16,7614.285714285715
2022-02-17,7578.571428571428
2022-02-18,7621.428571428572
2022-02-19,7617.142857142857
2022-02-20,7628.571428571428
2022-02-21,7645.714285714285
2022-02-22,7634.285714285715
2022-02-23,7625.714285714285
2022-02-24,7578.571428571428
2022-02-25,7522.857142857143
2022-02-26,7522.857142857143
2022-02-27,7472.857142857143
2022-02-28,7318.571428571428
2022-03-01,7131.428571428572
2022-03-02,7061.428571428572
2022-03-03,7091.428571428572
2022-03-04,7082.857142857143
2022-03-05,7030.0
2022-03-06,7074.285714285715
2022-03-07,7195.714285714285
2022-03-08,7342.857142857143
2022-03-09,7158.571428571428
2022-03-10,7562.857142857143
2022-03-11,7515.714285714285
2022-03-12,7521.428571428572
2022-03-13,7460.0
2022-03-14,7455.714285714285
2022-03-15,7475.714285714285
2022-03-16,7677.142857142857
2022-03-17,7194.285714285715
2022-03-18,7207.142857142857
2022-03-19,8168.571428571428
2022-03-20,8884.285714285714
2022-03-21,8908.57142857143
2022-03-22,8910.0
2022-03-23,8905.714285714286
2022-03-24,8934.285714285714
2022-03-25,8940.0
2022-03-26,7957.142857142857
2022-03-27,7265.714285714285
2022-03-28,7204.285714285715
2022-03-29,7161.428571428572
2022-03-30,7154.285714285715
2022-03-31,7142.857142857143
2022-04-01,7135.714285714285
2022-04-02,7057.142857142857
2022-04-03,7025.714285714285
2022-04-04,7025.714285714285
2022-04-05,7008.571428571428
2022-04-06,7012.857142857143
2022-04-07,7040.0
2022-04-08,7031.428571428572
2022-04-09,7077.142857142857
2022-04-10,7080.0
2022-04-11,7134.285714285715
2022-04-12,7182.857142857143
2022-04-13,7114.285714285715
2022-04-14,7130.0
2022-04-15,7151.428571428572
2022-04-16,7141.428571428572
2022-04-17,7144.285714285715
2022-04-18,7082.857142857143
2022-04-19,6665.714285714285
2022-04-20,7197.142857142857
2022-04-21,7178.571428571428
2022-04-22,7220.0
2022-04-23,7265.714285714285
2022-04-24,7275.714285714285
2022-04-25,7284.285714285715
2022-04-26,7788.571428571428
2022-04-27,7367.142857142857
2022-04-28,7380.0
2022-04-29,7320.0
2022-04-30,7308.571428571428
2022-05-01,7280.0
2022-05-02,7342.857142857143
2022-05-03,7258.571428571428
2022-05-04,7218.571428571428
2022-05-05,6958.571428571428
2022-05-06,6854.285714285715
2022-05-07,6792.857142857143
2022-05-08,6740.0
2022-05-09,6752.857142857143
2022-05-10,6781.428571428572
2022-05-11,6815.714285714285
2022-05-12,7120.0
2022-05-13,7277.142857142857
2022-05-14,7400.0
2022-05-15,7468.571428571428
2022-05-16,7452.857142857143
2022-05-17,7524.285714285715
2022-05-18,7571.428571428572
2022-05-19,7545.714285714285
2022-05-20,7581.428571428572
2022-05-21,7602.857142857143
2022-05-22,7612.857142857143
2022-05-23,7611.428571428572
2022-05-24,7572.857142857143
2022-05-25,7507.142857142857
2022-05-26,7497.142857142857
2022-05-27,7500.0
2022-05-28,7464.285714285715
2022-05-29,7451.428571428572
2022-05-30,7471.428571428572
2022-05-31,7434.285714285715
2022-06-01,7291.428571428572
2022-06-02,7308.571428571428
2022-06-03,7311.428571428572
2022-06-04,7275.714285714285
2022-06-05,7194.285714285715
2022-06-06,6930.0
2022-06-07,6885.714285714285
2022-06-08,7035.714285714285
2022-06-09,7042.857142857143
2022-06-10,6955.714285714285
2022-06-11,7028.571428571428
2022-06-12,7211.428571428572
2022-06-13,7552.857142857143
2022-06-14,7578.571428571428
2022-06-15,7628.571428571428
2022-06-16,7615.714285714285
2022-06-17,7747.142857142857
2022-06-18,7764.285714285715
2022-06-19,7745.714285714285
2022-06-20,7754.285714285715
2022-06-21,7844.285714285715
2022-06-22,7935.714285714285
2022-06-23,7964.285714285715
2022-06-24,7908.571428571428
2022-06-25,7917.142857142857
2022-06-26,7880.0
2022-06-27,7820.0
2022-06-28,7807.142857142857
2022-06-29,7742.857142857143
2022-06-30,7781.428571428572
2022-07-01,7831.428571428572
2022-07-02,7835.714285714285
2022-07-03,7860.0
2022-07-04,7874.285714285715
2022-07-05,7917.142857142857
2022-07-06,7937.142857142857
2022-07-07,7971.428571428572
2022-07-08,7988.571428571428
2022-07-09,7902.857142857143
2022-07-10,7902.857142857143
2022-07-11,7895.714285714285
2022-07-12,7867.142857142857
2022-07-13,7844.285714285715
2022-07-14,7815.714285714285
2022-07-15,7825.714285714285
2022-07-16,7935.714285714285
2022-07-17,7925.714285714285
2022-07-18,7857.142857142857
2022-07-19,7758.571428571428
2022-07-20,7761.428571428572
2022-07-21,7725.714285714285
2022-07-22,7675.714285714285
2022-07-23,7635.714285714285
2022-07-24,7600.0
2022-07-25,7672.857142857143
2022-07-26,7791.428571428572
2022-07-27,7780.0
2022-07-28,7820.0
2022-07-29,7822.857142857143
2022-07-30,7777.142857142857
2022-07-31,7715.714285714285
2022-08-01,7392.857142857143
2022-08-02,7047.142857142857
2022-08-03,6751.428571428572
2022-08-04,6452.857142857143
2022-08-05,6191.428571428572
2022-08-06,6102.857142857143
2022-08-07,6198.571428571428
2022-08-08,6552.857142857143
2022-08-09,6890.0
2022-08-10,7181.428571428572
2022-08-11,7440.0
2022-08-12,7737.142857142857
2022-08-13,7931.428571428572
2022-08-14,7892.857142857143
2022-08-15,7727.142857142857
2022-08-16,7714.285714285715
2022-08-17,7764.285714285715
2022-08-18,7775.714285714285
2022-08-19,7777.142857142857
2022-08-20,7745.714285714285
2022-08-21,7798.571428571428
2022-08-22,7970.0
2022-08-23,8002.857142857143
2022-08-24,7975.714285714285
2022-08-25,7992.857142857143
2022-08-26,7974.285714285715
2022-08-27,7985.714285714285
2022-08-28,7968.571428571428
2022-08-29,7934.285714285715
2022-08-30,7895.714285714285
2022-08-31,7897.142857142857
2022-09-01,7911.428571428572
2022-09-02,7914.285714285715
2022-09-03,7915.714285714285
2022-09-04,7950.0
2022-09-05,7945.714285714285
2022-09-06,7954.285714285715
2022-09-07,7962.857142857143
2022-09-08,7935.714285714285
2022-09-09,7495.714285714285
2022-09-10,7071.428571428572
2022-09-11,6921.428571428572
2022-09-12,6597.142857142857
2022-09-13,6468.571428571428
2022-09-14,6404.285714285715
2022-09-15,6418.571428571428
2022-09-16,6852.857142857143
2022-09-17,7342.857142857143
2022-09-18,7485.714285714285
2022-09-19,7868.571428571428
2022-09-20,7984.285714285715
2022-09-21,8040.0
2022-09-22,8045.714285714285
2022-09-23,8005.714285714285
2022-09-24,7922.857142857143
2022-09-25,7902.857142857143
2022-09-26,7855.714285714285
2022-09-27,7891.428571428572
2022-09-28,7891.428571428572
2022-09-29,7897.142857142857
2022-09-30,7937.142857142857
2022-10-01,7945.714285714285
2022-10-02,7871.428571428572
2022-10-03,7681.428571428572
2022-10-04,7635.714285714285
2022-10-05,7650.0
2022-10-06,7615.714285714285
2022-10-07,7601.428571428572
2022-10-08,7600.0
2022-10-09,7622.857142857143
2022-10-10,7604.285714285715
2022-10-11,7627.142857142857
2022-10-12,7552.857142857143
2022-10-13,7548.571428571428
2022-10-14,7510.0
2022-10-15,7518.571428571428
2022-10-16,7548.571428571428
2022-10-17,7714.285714285715
2022-10-18,7667.142857142857
2022-10-19,7680.0
2022-10-20,7690.0
2022-10-21,7692.857142857143
2022-10-22,7631.428571428572
2022-10-23,7675.714285714285
2022-10-24,7722.857142857143
2022-10-25,7714.285714285715
2022-10-26,7765.714285714285
2022-10-27,7741.428571428572
2022-10-28,7701.428571428572
2022-10-29,7725.714285714285
2022-10-30,7671.428571428572
2022-10-31,7637.142857142857
2022-11-01,7682.857142857143
2022-11-02,7598.571428571428
2022-11-03,7597.142857142857
2022-11-04,7634.285714285715
2022-11-05,7602.857142857143
2022-11-06,7598.571428571428
2022-11-07,7587.142857142857
2022-11-08,7527.142857142857
2022-11-09,7528.571428571428
2022-11-10,7580.0
2022-11-11,7565.714285714285
2022-11-12,7540.0
2022-11-13,7584.285714285715
2022-11-14,7582.857142857143
2022-11-15,7605.714285714285
2022-11-16,7630.0
2022-11-17,7601.428571428572
2022-11-18,7618.571428571428
2022-11-19,7682.857142857143
2022-11-20,7630.0
2022-11-21,7628.571428571428
2022-11-22,7615.714285714285
2022-11-23,7620.0
2022-11-24,7607.142857142857
2022-11-25,7570.0
2022-11-26,7551.428571428572
2022-11-27,7585.714285714285
2022-11-28,7570.0
2022-11-29,7590.0
2022-11-30,7672.857142857143
2022-12-01,7690.0
2022-12-02,7768.571428571428
2022-12-03,7817.142857142857
2022-12-04,7890.0
2022-12-05,7982.857142857143
2022-12-06,8040.0
2022-12-07,8050.0
2022-12-08,8054.285714285715
2022-12-09,8058.571428571428
2022-12-10,8047.142857142857
2022-12-11,7982.857142857143
2022-12-12,7975.714285714285
2022-12-13,7931.428571428572
2022-12-14,7870.0
2022-12-15,7935.714285714285
2022-12-16,7942.857142857143
2022-12-17,7964.285714285715
2022-12-18,8027.142857142857
2022-12-19,8035.714285714285
2022-12-20,8110.0
2022-12-21,8164.285714285715
2022-12-22,8144.285714285715
2022-12-23,8191.428571428572
2022-12-24,8215.714285714286
2022-12-25,8260.0
2022-12-26,8290.0
2022-12-27,8265.714285714286
2022-12-28,8251.42857142857
2022-12-29,8194.285714285714
2022-12-30,8057.142857142857
2022-12-31,7885.714285714285
