0,1
2018-01-01,0.0
2018-01-02,0.0
2018-01-03,0.0
2018-01-04,0.0
2018-01-05,0.0
2018-01-06,0.0
2018-01-07,382580.1398014286
2018-01-08,381072.10761285713
2018-01-09,378231.7774528571
2018-01-10,371684.9001885714
2018-01-11,366365.7344557143
2018-01-12,368168.6127328572
2018-01-13,371553.9007828571
2018-01-14,369535.23571857146
2018-01-15,378998.48465
2018-01-16,380069.0059599999
2018-01-17,384121.51148
2018-01-18,387769.1779028572
2018-01-19,386756.8641271428
2018-01-20,386844.1589271429
2018-01-21,387316.46657000005
2018-01-22,378974.18193857145
2018-01-23,380048.0087271429
2018-01-24,378464.2923428571
2018-01-25,376446.61102571426
2018-01-26,379678.87524428574
2018-01-27,383170.36838714284
2018-01-28,386595.3264585714
2018-01-29,388791.4337614286
2018-01-30,389906.1184728572
2018-01-31,397012.11383000005
2018-02-01,404537.8140571429
2018-02-02,407651.8544142857
2018-02-03,410641.5262
2018-02-04,409739.05827142857
2018-02-05,412463.9873142857
2018-02-06,413589.20019999996
2018-02-07,408798.4775142857
2018-02-08,406970.43134285713
2018-02-09,405646.53824285715
2018-02-10,405178.08861428575
2018-02-11,409547.33344285714
2018-02-12,412200.43082857144
2018-02-13,415216.6148142857
2018-02-14,419629.03625714284
2018-02-15,419884.6145
2018-02-16,410162.7347857143
2018-02-17,406528.05064285715
2018-02-18,401465.03824285715
2018-02-19,400098.9661571429
2018-02-20,397955.3256714285
2018-02-21,394367.47408571426
2018-02-22,394773.94364285714
2018-02-23,403442.70458571427
2018-02-24,404225.8629142857
2018-02-25,406102.5807142857
2018-02-26,403013.3729628571
2018-02-27,401673.91284857143
2018-02-28,398707.67233428574
2018-03-01,398911.1925771428
2018-03-02,397264.38189142855
2018-03-03,398791.39922714286
2018-03-04,397735.2290985714
2018-03-05,397746.46519285714
2018-03-06,399953.29083571426
2018-03-07,401037.34445000003
2018-03-08,396998.9882942857
2018-03-09,396008.8749042857
2018-03-10,395463.1410685714
2018-03-11,393769.3506114286
2018-03-12,395382.81069714285
2018-03-13,392900.1949442857
2018-03-14,393437.1266142857
2018-03-15,392628.60412142857
2018-03-16,395852.08501285716
2018-03-17,393817.30737
2018-03-18,393920.54447
2018-03-19,392843.1908414285
2018-03-20,390985.03613285715
2018-03-21,388700.45436285716
2018-03-22,390320.4180928571
2018-03-23,388607.13344571425
2018-03-24,389469.3488357143
2018-03-25,390856.52174999996
2018-03-26,392802.65165142855
2018-03-27,394109.30824857147
2018-03-28,397654.08740857145
2018-03-29,399161.1044514286
2018-03-30,402359.00225428573
2018-03-31,402803.62145
2018-04-01,403292.7498928571
2018-04-02,405442.9101342857
2018-04-03,406576.87188571424
2018-04-04,405469.8101171428
2018-04-05,404894.25637857144
2018-04-06,401113.7820014286
2018-04-07,399106.01842000004
2018-04-08,400562.5370628572
2018-04-09,395505.3591628572
2018-04-10,395093.6580442857
2018-04-11,397089.46990714286
2018-04-12,398073.78063428577
2018-04-13,398839.04923
2018-04-14,397407.7712285714
2018-04-15,396958.1938857142
2018-04-16,397518.98981142853
2018-04-17,395733.6064357143
2018-04-18,395106.29742571426
2018-04-19,394275.9384585714
2018-04-20,395915.0442328571
2018-04-21,400010.4086585714
2018-04-22,398456.49421571434
2018-04-23,395278.5422042857
2018-04-24,394663.1939271428
2018-04-25,396338.8275257143
2018-04-26,395581.22735857137
2018-04-27,393286.2578328572
2018-04-28,391170.53439
2018-04-29,392320.38922142854
2018-04-30,395271.57138000004
2018-05-01,401193.55951
2018-05-02,396795.34851857147
2018-05-03,395475.66056285717
2018-05-04,397614.7472428572
2018-05-05,397679.3941714286
2018-05-06,391111.13059714285
2018-05-07,391866.84002142865
2018-05-08,388455.96380857145
2018-05-09,389284.34515285713
2018-05-10,390588.8067014286
2018-05-11,390023.3290828572
2018-05-12,386141.2858328572
2018-05-13,388589.1200985714
2018-05-14,388679.19517571427
2018-05-15,387487.9783628572
2018-05-16,390275.51816000004
2018-05-17,394103.70457
2018-05-18,391891.83568142855
2018-05-19,395020.57329857134
2018-05-20,395972.04306000005
2018-05-21,394959.0885128571
2018-05-22,393583.63416428573
2018-05-23,389466.8391171429
2018-05-24,380220.0338357143
2018-05-25,383786.5913371429
2018-05-26,383103.3147457143
2018-05-27,385929.0019385714
2018-05-28,386614.70356428577
2018-05-29,387924.14579285716
2018-05-30,392214.57192142855
2018-05-31,401219.02100999997
2018-06-01,401777.17506999994
2018-06-02,403450.9412542857
2018-06-03,403654.0255557143
2018-06-04,404177.2260385714
2018-06-05,403914.56703285716
2018-06-06,404027.9243028571
2018-06-07,402684.27114428574
2018-06-08,400266.7729542857
2018-06-09,401652.4105871428
2018-06-10,401099.7062657143
2018-06-11,397484.01076285716
2018-06-12,398373.0837185714
2018-06-13,396271.2658514286
2018-06-14,396183.01298714284
2018-06-15,398529.54757714283
2018-06-16,398757.17165000003
2018-06-17,397223.1294928571
2018-06-18,404723.2822271429
2018-06-19,404822.8579671429
2018-06-20,405485.4952742857
2018-06-21,404842.80116428575
2018-06-22,405815.59954285715
2018-06-23,404583.5254657143
2018-06-24,405210.15888857143
2018-06-25,405334.54716142855
2018-06-26,402381.4477285714
2018-06-27,389537.9721442857
2018-06-28,391220.82672285713
2018-06-29,370458.83642857143
2018-06-30,371182.6625414286
2018-07-01,368441.9031171429
2018-07-02,366645.7168057143
2018-07-03,371160.51828285714
2018-07-04,386967.13000142854
2018-07-05,389238.58896571427
2018-07-06,407680.46623428573
2018-07-07,407175.8808714286
2018-07-08,410739.63667285716
2018-07-09,407245.4249685714
2018-07-10,408411.8930871429
2018-07-11,410331.5152000001
2018-07-12,409885.4725957143
2018-07-13,413290.0143785714
2018-07-14,419656.88292571425
2018-07-15,420623.7044542857
2018-07-16,425504.92389857146
2018-07-17,427883.3321885714
2018-07-18,425064.83558
2018-07-19,427221.8220157143
2018-07-20,430517.58312571427
2018-07-21,426169.88649
2018-07-22,426668.9608042858
2018-07-23,427431.91608714283
2018-07-24,426654.3157571429
2018-07-25,429353.69952714286
2018-07-26,431682.5456671429
2018-07-27,428482.2330714286
2018-07-28,428608.9167628572
2018-07-29,428807.61984999996
2018-07-30,425418.64437714283
2018-07-31,423738.1398571428
2018-08-01,422217.5176257143
2018-08-02,420326.0098257143
2018-08-03,420470.31432999996
2018-08-04,422545.1709457143
2018-08-05,424617.4123585714
2018-08-06,427784.6929528572
2018-08-07,431440.98613142857
2018-08-08,431871.81887571426
2018-08-09,430746.56790571427
2018-08-10,432968.94297428575
2018-08-11,431032.0489171428
2018-08-12,429843.26445
2018-08-13,430972.8964157143
2018-08-14,428142.8083257143
2018-08-15,426210.6331385714
2018-08-16,425909.69868857146
2018-08-17,422186.46396142856
2018-08-18,420860.9436614285
2018-08-19,419870.7083
2018-08-20,419167.53843428567
2018-08-21,418431.62022428575
2018-08-22,422770.5186971429
2018-08-23,418401.39673000004
2018-08-24,416759.1779871429
2018-08-25,415410.5194728571
2018-08-26,413471.5630585714
2018-08-27,408343.73553142854
2018-08-28,408371.90533285716
2018-08-29,405140.87949285714
2018-08-30,405986.4825828572
2018-08-31,405797.75887142855
2018-09-01,381033.9401571429
2018-09-02,323771.7742428571
2018-09-03,306328.50606857147
2018-09-04,304665.02689142857
2018-09-05,300655.71085285716
2018-09-06,296632.6229
2018-09-07,293464.9884157143
2018-09-08,315479.43044714286
2018-09-09,371066.4690242857
2018-09-10,387127.8480285714
2018-09-11,386397.5037985714
2018-09-12,386696.5504485714
2018-09-13,386947.39809285715
2018-09-14,388634.4514485714
2018-09-15,389448.5115485714
2018-09-16,393143.2661571429
2018-09-17,393345.04106
2018-09-18,392827.0298357143
2018-09-19,383317.5659714286
2018-09-20,380079.66848
2018-09-21,381971.5146228572
2018-09-22,386965.7534914286
2018-09-23,382708.9201771429
2018-09-24,374110.79678428575
2018-09-25,369726.8414114286
2018-09-26,379271.2268557143
2018-09-27,385052.77503
2018-09-28,382028.9527228571
2018-09-29,378814.0423914286
2018-09-30,378274.2326057143
2018-10-01,388872.2254
2018-10-02,381034.88435571425
2018-10-03,380670.4035028572
2018-10-04,378264.92379428574
2018-10-05,374373.68018
2018-10-06,371242.16142714286
2018-10-07,371314.49859714287
2018-10-08,365194.7341357143
2018-10-09,376062.73347000004
2018-10-10,372958.32542571425
2018-10-11,375762.48174714285
2018-10-12,380265.48281285714
2018-10-13,383022.14792142855
2018-10-14,385411.7453328571
2018-10-15,391233.2957871429
2018-10-16,391194.2459328571
2018-10-17,394773.51793857146
2018-10-18,392844.1266242857
2018-10-19,391031.0455128572
2018-10-20,390537.8324257143
2018-10-21,385082.92389999994
2018-10-22,386815.79809
2018-10-23,384459.6523557143
2018-10-24,382153.71444142854
2018-10-25,383104.93076857144
2018-10-26,382299.2974414286
2018-10-27,382196.7326471429
2018-10-28,387256.4711
2018-10-29,383800.90832285717
2018-10-30,378200.7316557143
2018-10-31,378909.47048
2018-11-01,375945.88789142855
2018-11-02,377709.86133999994
2018-11-03,380167.97631142853
2018-11-04,378439.96133142855
2018-11-05,376024.05646
2018-11-06,384313.40169857146
2018-11-07,386823.92155142856
2018-11-08,386622.5863871429
2018-11-09,389549.5608185715
2018-11-10,385137.73519
2018-11-11,386790.8040614286
2018-11-12,389669.54259142856
2018-11-13,387368.43393999996
2018-11-14,388478.94826857146
2018-11-15,390259.72831
2018-11-16,386199.97385428566
2018-11-17,386625.62514
2018-11-18,385417.5469142857
2018-11-19,385764.0142714285
2018-11-20,386856.7317542857
2018-11-21,384157.4328914285
2018-11-22,388069.3846085715
2018-11-23,391162.57620714285
2018-11-24,392615.6981457143
2018-11-25,395904.09005714284
2018-11-26,394153.7701571429
2018-11-27,395702.4057628572
2018-11-28,397138.16325428576
2018-11-29,390408.99226
2018-11-30,388232.9467528571
2018-12-01,388216.1145357143
2018-12-02,386681.2057685714
2018-12-03,386790.72405285714
2018-12-04,383982.7906928572
2018-12-05,384006.05371571425
2018-12-06,383974.0830885714
2018-12-07,381430.2043471429
2018-12-08,380446.98026
2018-12-09,379035.4279842857
2018-12-10,378576.6603028571
2018-12-11,378281.56255571434
2018-12-12,377349.06682999997
2018-12-13,380573.7271871428
2018-12-14,381941.63336428575
2018-12-15,383451.99333
2018-12-16,384253.5235871429
2018-12-17,382246.8742828571
2018-12-18,384850.26114
2018-12-19,383117.2531857143
2018-12-20,381971.5256
2018-12-21,383874.4913142858
2018-12-22,382019.1963628571
2018-12-23,380904.3708628571
2018-12-24,383134.82597714284
2018-12-25,382473.6180771428
2018-12-26,383618.73940571427
2018-12-27,387271.4002771429
2018-12-28,397205.18919142854
2018-12-29,410417.1778428572
2018-12-30,421420.5086714286
2018-12-31,429811.6890428571
2019-01-01,440524.88102857146
2019-01-02,454737.23817142856
2019-01-03,462815.3646428571
2019-01-04,463692.3762
2019-01-05,463997.8723428571
2019-01-06,464021.2355285714
2019-01-07,470174.2451571429
2019-01-08,472912.4405857143
2019-01-09,470361.7200714285
2019-01-10,470380.5798857143
2019-01-11,472932.17554285715
2019-01-12,473104.0370285715
2019-01-13,476309.6615714286
2019-01-14,474258.86031428573
2019-01-15,474188.66988571436
2019-01-16,474476.64225714287
2019-01-17,474168.18211428577
2019-01-18,472853.2296285714
2019-01-19,475561.0284714286
2019-01-20,473146.1439857143
2019-01-21,473440.79400000005
2019-01-22,473323.0322285714
2019-01-23,472275.3278857143
2019-01-24,475533.23780000006
2019-01-25,475295.6683285714
2019-01-26,470435.2980142857
2019-01-27,471832.4221714286
2019-01-28,471375.10490000003
2019-01-29,472106.97937142855
2019-01-30,472104.3536142857
2019-01-31,469490.11922857136
2019-02-01,468436.88021428575
2019-02-02,471268.55274285714
2019-02-03,470124.55492857145
2019-02-04,468526.2937
2019-02-05,460639.2215714286
2019-02-06,460735.5375142857
2019-02-07,462083.80492857145
2019-02-08,460032.64062857145
2019-02-09,458653.7644142857
2019-02-10,458781.7736
2019-02-11,460795.11225714284
2019-02-12,466561.74017142865
2019-02-13,468383.48308571434
2019-02-14,469046.2482428572
2019-02-15,471869.90008571424
2019-02-16,471464.27871428576
2019-02-17,472467.16352857143
2019-02-18,472838.1672285715
2019-02-19,471254.0487428571
2019-02-20,466137.3277142857
2019-02-21,464010.2737428571
2019-02-22,464092.9134285714
2019-02-23,465668.9889285714
2019-02-24,465401.51208571426
2019-02-25,464241.06659999996
2019-02-26,464459.9540714286
2019-02-27,470901.4772285715
2019-02-28,482319.53667142853
2019-03-01,481189.53232857137
2019-03-02,479931.44989999995
2019-03-03,481588.8717142857
2019-03-04,483400.5562
2019-03-05,485213.74902857136
2019-03-06,482780.1039285714
2019-03-07,470593.4082571428
2019-03-08,471768.8403428571
2019-03-09,472403.32450000005
2019-03-10,468812.17337142857
2019-03-11,465706.04847142857
2019-03-12,466402.7128571429
2019-03-13,466023.4506857143
2019-03-14,465707.36331428576
2019-03-15,464546.8171
2019-03-16,463376.0133142857
2019-03-17,463630.28847142856
2019-03-18,465501.08531428565
2019-03-19,464130.9432857143
2019-03-20,463894.0885857143
2019-03-21,463729.61799999996
2019-03-22,464002.2078857143
2019-03-23,462931.52799999993
2019-03-24,463899.0578285715
2019-03-25,461843.9726857143
2019-03-26,462253.32501428574
2019-03-27,462610.73471428576
2019-03-28,461903.1391142857
2019-03-29,461794.5151571428
2019-03-30,467180.00372857146
2019-03-31,466155.4948142857
2019-04-01,466808.46359999996
2019-04-02,466543.26282857143
2019-04-03,465604.0192714286
2019-04-04,467820.58210000006
2019-04-05,469022.46074285713
2019-04-06,465244.69655714283
2019-04-07,463727.64911428565
2019-04-08,463634.33154285717
2019-04-09,466670.17987142864
2019-04-10,465958.8135428571
2019-04-11,463159.30319999997
2019-04-12,464307.3715857143
2019-04-13,466256.79791428574
2019-04-14,468852.3429857143
2019-04-15,471199.9320714286
2019-04-16,471397.6767571429
2019-04-17,474301.62429999997
2019-04-18,478502.95972857147
2019-04-19,477119.24030000006
2019-04-20,475324.0217714286
2019-04-21,478877.18798571423
2019-04-22,479832.37857142853
2019-04-23,477223.4647285714
2019-04-24,478207.3000142857
2019-04-25,474739.6086
2019-04-26,472732.21477142855
2019-04-27,475956.79255714285
2019-04-28,470561.1171857143
2019-04-29,469488.91175714287
2019-04-30,469027.8758714286
2019-05-01,468036.44364285714
2019-05-02,470350.26148571435
2019-05-03,475746.10291428573
2019-05-04,471385.24937142857
2019-05-05,471308.31164285715
2019-05-06,472368.23594285717
2019-05-07,472842.112
2019-05-08,472392.17799999996
2019-05-09,473891.6211428571
2019-05-10,471147.02218571433
2019-05-11,472974.2019571429
2019-05-12,474586.3518
2019-05-13,471914.23781428573
2019-05-14,472414.99094285717
2019-05-15,474598.0244142857
2019-05-16,474950.6537142857
2019-05-17,477797.94269999996
2019-05-18,474604.4818
2019-05-19,473393.9583714286
2019-05-20,474884.94859999995
2019-05-21,475284.3993285714
2019-05-22,476696.60338571435
2019-05-23,475465.6096571429
2019-05-24,474652.6774428571
2019-05-25,477255.5123571428
2019-05-26,478794.03855714283
2019-05-27,476452.00754285714
2019-05-28,478678.2759714286
2019-05-29,474011.5693142857
2019-05-30,472921.0033428571
2019-05-31,470577.05937142856
2019-06-01,469313.11412857147
2019-06-02,468678.4231000001
2019-06-03,470065.51162857143
2019-06-04,470620.39581428573
2019-06-05,469973.44834285707
2019-06-06,469147.5855
2019-06-07,466978.0043857143
2019-06-08,468641.6470285714
2019-06-09,468871.6394857142
2019-06-10,467395.2178714286
2019-06-11,465422.88631428574
2019-06-12,466435.5021714285
2019-06-13,467846.8208428571
2019-06-14,469456.7535285714
2019-06-15,468784.8631
2019-06-16,468093.9250571429
2019-06-17,470210.5440285714
2019-06-18,468645.9587571429
2019-06-19,472509.29302857147
2019-06-20,473290.10481428576
2019-06-21,475344.84184285713
2019-06-22,475946.7062714286
2019-06-23,477359.7246142857
2019-06-24,478824.5270428571
2019-06-25,479122.98419999995
2019-06-26,474808.1596857142
2019-06-27,476064.9162
2019-06-28,474525.6394857143
2019-06-29,472226.97298571427
2019-06-30,472602.93578571425
2019-07-01,471819.5988571429
2019-07-02,472921.16107142856
2019-07-03,475640.96328571433
2019-07-04,474410.3410142857
2019-07-05,476357.2046285714
2019-07-06,478703.8189571428
2019-07-07,477651.60684285715
2019-07-08,479806.93488571426
2019-07-09,480411.63965714286
2019-07-10,476358.2543142857
2019-07-11,475093.1814857143
2019-07-12,473583.9904
2019-07-13,472842.1430857143
2019-07-14,473493.1598285714
2019-07-15,474157.9141
2019-07-16,473185.27167142864
2019-07-17,477058.16
2019-07-18,481305.65221428574
2019-07-19,483132.76644285716
2019-07-20,484238.20452857146
2019-07-21,484550.8146285714
2019-07-22,485906.06672857143
2019-07-23,488712.36325714283
2019-07-24,488087.38817142864
2019-07-25,485585.6494142857
2019-07-26,485292.44277142856
2019-07-27,487519.8204857143
2019-07-28,485995.6478857143
2019-07-29,488001.9704714286
2019-07-30,487865.88398571423
2019-07-31,492014.32162857143
2019-08-01,495225.2028714286
2019-08-02,496852.6908285714
2019-08-03,496993.25452857144
2019-08-04,500498.02712857135
2019-08-05,500985.7963
2019-08-06,502182.3938857143
2019-08-07,499530.1536428571
2019-08-08,492194.7423142857
2019-08-09,494304.43587142864
2019-08-10,494918.86261428567
2019-08-11,495103.8054142857
2019-08-12,492079.6539571429
2019-08-13,492548.91012857144
2019-08-14,493992.9224428572
2019-08-15,498979.28377142857
2019-08-16,496797.92169999995
2019-08-17,498214.73334285716
2019-08-18,497385.0255714286
2019-08-19,497092.25879999995
2019-08-20,497417.8306428572
2019-08-21,498819.86534285714
2019-08-22,500464.9160857143
2019-08-23,501021.21981428575
2019-08-24,498772.4241
2019-08-25,497651.85905714286
2019-08-26,499725.44538571435
2019-08-27,498484.13448571425
2019-08-28,495004.24975714285
2019-08-29,493938.2609
2019-08-30,494396.50111428567
2019-08-31,494156.3889714285
2019-09-01,493579.81085714285
2019-09-02,490631.76672857144
2019-09-03,491309.4949
2019-09-04,492946.49754285713
2019-09-05,494169.4873
2019-09-06,492694.0699714286
2019-09-07,492807.53015714284
2019-09-08,496376.662
2019-09-09,497645.69499999995
2019-09-10,500365.25315714284
2019-09-11,502788.8399857143
2019-09-12,498823.88492857147
2019-09-13,490610.6847428571
2019-09-14,486886.4282285714
2019-09-15,487371.5151857143
2019-09-16,487933.5095857143
2019-09-17,483673.22931428574
2019-09-18,481362.04347142857
2019-09-19,485096.3634857143
2019-09-20,492983.37991428573
2019-09-21,494693.8598857143
2019-09-22,490916.6909142857
2019-09-23,488681.4194
2019-09-24,487324.0572428572
2019-09-25,486980.15347142855
2019-09-26,488296.8244285714
2019-09-27,491873.32381428574
2019-09-28,496668.2509142857
2019-09-29,499713.75935714284
2019-09-30,500325.8110857143
2019-10-01,501657.7137
2019-10-02,499582.3639285714
2019-10-03,497551.0730857143
2019-10-04,495977.5568571429
2019-10-05,493268.5940428572
2019-10-06,492970.22862857144
2019-10-07,491271.53382857144
2019-10-08,490242.21004285716
2019-10-09,490975.06585714285
2019-10-10,491382.6232
2019-10-11,490351.94682857144
2019-10-12,489848.45767142856
2019-10-13,488528.39335714286
2019-10-14,490513.79458571423
2019-10-15,492400.8040714286
2019-10-16,492442.18495714286
2019-10-17,491003.75095714285
2019-10-18,489527.1306714285
2019-10-19,490238.6914428571
2019-10-20,491345.9527428571
2019-10-21,498126.7853428572
2019-10-22,496887.24334285717
2019-10-23,497052.4798428571
2019-10-24,498282.4888714286
2019-10-25,500663.8850285715
2019-10-26,503002.52391428576
2019-10-27,504758.4560571429
2019-10-28,497572.4913285714
2019-10-29,498550.65668571426
2019-10-30,499836.18804285716
2019-10-31,500719.98271428567
2019-11-01,500708.95085714286
2019-11-02,500549.0969285714
2019-11-03,501119.1723714286
2019-11-04,504607.93445714284
2019-11-05,507224.0842
2019-11-06,509466.0699
2019-11-07,511640.6065285714
2019-11-08,517313.4737
2019-11-09,516970.27772857144
2019-11-10,511498.0248285714
2019-11-11,504065.5827428572
2019-11-12,496210.61962857144
2019-11-13,489240.56921428576
2019-11-14,483925.5571428571
2019-11-15,474373.07802857144
2019-11-16,469143.7105142857
2019-11-17,468198.5389
2019-11-18,469715.39412857144
2019-11-19,470354.3579285714
2019-11-20,470619.6603
2019-11-21,469636.6914857143
2019-11-22,469575.4602142857
2019-11-23,469845.5501285714
2019-11-24,473324.06138571433
2019-11-25,471965.04064285714
2019-11-26,472367.8208142858
2019-11-27,472368.1038428572
2019-11-28,471867.08062857145
2019-11-29,470624.9675142857
2019-11-30,470449.02775714285
2019-12-01,467283.0036571428
2019-12-02,466809.5530571429
2019-12-03,465490.6714
2019-12-04,464839.49577142857
2019-12-05,464764.04168571427
2019-12-06,463225.1980571429
2019-12-07,462965.08160000003
2019-12-08,463201.2125857143
2019-12-09,463552.3922
2019-12-10,463822.20171428565
2019-12-11,463411.5112571428
2019-12-12,464644.77334285714
2019-12-13,464540.8508857143
2019-12-14,465108.9961285714
2019-12-15,464755.7417857143
2019-12-16,465594.9594571428
2019-12-17,466001.11242857145
2019-12-18,466966.00735714287
2019-12-19,464607.2030428572
2019-12-20,465379.6343
2019-12-21,463728.8764571428
2019-12-22,463778.75777142856
2019-12-23,462304.09587142855
2019-12-24,461359.0781142857
2019-12-25,460095.9479142857
2019-12-26,458425.30427142855
2019-12-27,461307.3698857143
2019-12-28,462819.7336571428
2019-12-29,462399.8685142858
2019-12-30,464080.0159571428
2019-12-31,464877.21992857143
2020-01-01,465836.5964857143
2020-01-02,468551.4116285714
2020-01-03,467531.85187142855
2020-01-04,467093.40098571434
2020-01-05,467458.5075857143
2020-01-06,468183.93667142856
2020-01-07,469730.01427142863
2020-01-08,470539.4316285714
2020-01-09,471846.2635857143
2020-01-10,472120.0732142857
2020-01-11,471989.7878857143
2020-01-12,470333.3877428571
2020-01-13,467673.41724285716
2020-01-14,464975.0030142857
2020-01-15,463309.9502571429
2020-01-16,462123.21192857146
2020-01-17,462362.3839571428
2020-01-18,464658.39157142857
2020-01-19,468613.5399142857
2020-01-20,472683.6730142857
2020-01-21,476383.40842857136
2020-01-22,479423.2404142857
2020-01-23,483209.45
2020-01-24,485568.1755285715
2020-01-25,478991.0304571428
2020-01-26,480715.6766857143
2020-01-27,481366.1595285715
2020-01-28,485671.8417857143
2020-01-29,490166.49850000005
2020-01-30,489647.962
2020-01-31,487627.60971428576
2020-02-01,493408.17721428577
2020-02-02,493741.08188571426
2020-02-03,492994.1913571429
2020-02-04,490272.65471428575
2020-02-05,486482.9841285714
2020-02-06,485790.9359428571
2020-02-07,486469.66272857145
2020-02-08,487809.397
2020-02-09,485529.0082142857
2020-02-10,486094.6120857143
2020-02-11,485602.5713857143
2020-02-12,484740.4264857143
2020-02-13,484427.3792428571
2020-02-14,485146.4570571428
2020-02-15,488600.60911428573
2020-02-16,487007.3184285714
2020-02-17,483773.9906571429
2020-02-18,483581.7490571429
2020-02-19,485527.2248857143
2020-02-20,486561.06888571434
2020-02-21,487030.41621428577
2020-02-22,485295.3933142857
2020-02-23,490653.7834571428
2020-02-24,495765.4059142857
2020-02-25,495406.75407142856
2020-02-26,496108.9575857143
2020-02-27,496122.7310142857
2020-02-28,494823.1026428571
2020-02-29,494294.4002
2020-03-01,491443.08764285705
2020-03-02,489477.6239857143
2020-03-03,490678.9565142857
2020-03-04,490156.2221142856
2020-03-05,489928.80042857135
2020-03-06,491125.59812857147
2020-03-07,490302.48368571425
2020-03-08,491480.23515714286
2020-03-09,491369.2059142857
2020-03-10,490213.4953
2020-03-11,490494.0715285715
2020-03-12,492202.7726428571
2020-03-13,491669.8518
2020-03-14,493019.34381428576
2020-03-15,492567.4324428571
2020-03-16,493824.2702
2020-03-17,496933.3723571429
2020-03-18,497462.55694285716
2020-03-19,496578.42972857144
2020-03-20,498803.22725714283
2020-03-21,499748.6403857143
2020-03-22,500783.9949142857
2020-03-23,501423.4875714286
2020-03-24,500050.251
2020-03-25,503414.9493857143
2020-03-26,503555.2869
2020-03-27,502199.4397857143
2020-03-28,500715.43335714284
2020-03-29,500970.2386142857
2020-03-30,501867.17089999997
2020-03-31,503256.2486714286
2020-04-01,501502.3239142857
2020-04-02,503466.88649999996
2020-04-03,503518.2692428571
2020-04-04,503966.9904
2020-04-05,503683.34659999993
2020-04-06,502155.5589142857
2020-04-07,500788.0585571429
2020-04-08,500371.5237000001
2020-04-09,496544.40359999996
2020-04-10,496933.4547285714
2020-04-11,495098.0861285715
2020-04-12,492902.1134857143
2020-04-13,492012.07918571436
2020-04-14,490788.61472857144
2020-04-15,488271.54158571427
2020-04-16,491486.31937142863
2020-04-17,488045.9593857143
2020-04-18,489278.81524285715
2020-04-19,487225.44750000007
2020-04-20,484965.6994142857
2020-04-21,482600.7117857143
2020-04-22,479675.2767
2020-04-23,476207.5776142857
2020-04-24,480955.1699857143
2020-04-25,480891.66655714286
2020-04-26,485213.9669857143
2020-04-27,485657.32461428567
2020-04-28,490253.5438
2020-04-29,493421.59405714285
2020-04-30,496703.9131857143
2020-05-01,497732.5983
2020-05-02,498630.49152857147
2020-05-03,496575.33517142857
2020-05-04,497999.03091428574
2020-05-05,493884.91491428576
2020-05-06,495658.57508571434
2020-05-07,495290.03152857145
2020-05-08,490760.5424857143
2020-05-09,487784.5376571428
2020-05-10,486040.7314714286
2020-05-11,486712.4835714285
2020-05-12,488089.4956428571
2020-05-13,488535.4665285714
2020-05-14,484036.09588571434
2020-05-15,482886.9512285715
2020-05-16,482305.83981428575
2020-05-17,485692.9326142857
2020-05-18,485460.8775857143
2020-05-19,484535.579
2020-05-20,482745.74164285715
2020-05-21,489493.58767142857
2020-05-22,493676.1293857143
2020-05-23,496441.7563285715
2020-05-24,497531.1105714286
2020-05-25,495710.59630000003
2020-05-26,496370.41972857143
2020-05-27,499788.5583857143
2020-05-28,497693.52132857137
2020-05-29,496074.0104
2020-05-30,497228.98334285716
2020-05-31,498274.93121428567
2020-06-01,499942.09615714283
2020-06-02,502380.13641428575
2020-06-03,500165.61307142855
2020-06-04,504942.98811428575
2020-06-05,510094.1076857142
2020-06-06,511313.74319999997
2020-06-07,511414.14721428574
2020-06-08,516529.6028714286
2020-06-09,520219.3051857143
2020-06-10,523921.10102857143
2020-06-11,520857.1472142857
2020-06-12,519491.1119857143
2020-06-13,519849.48864285724
2020-06-14,518154.2702142857
2020-06-15,516824.13487142854
2020-06-16,513991.6409714286
2020-06-17,509665.22667142854
2020-06-18,508786.90282857144
2020-06-19,507164.1170857143
2020-06-20,505486.3298857143
2020-06-21,507212.8455285714
2020-06-22,509166.47079999995
2020-06-23,511161.6860285714
2020-06-24,511656.8445285714
2020-06-25,510376.8035714286
2020-06-26,510451.89028571424
2020-06-27,512345.71661428566
2020-06-28,513837.59007142857
2020-06-29,507926.0145285715
2020-06-30,504435.35571428575
2020-07-01,504080.2619142857
2020-07-02,504833.1252571428
2020-07-03,503367.8813
2020-07-04,499103.11534285714
2020-07-05,498520.5789285715
2020-07-06,500393.36748571426
2020-07-07,501448.9102428571
2020-07-08,502266.28882857144
2020-07-09,503923.0476714286
2020-07-10,506647.0572285714
2020-07-11,508590.0495
2020-07-12,503454.0707571428
2020-07-13,501542.1474571428
2020-07-14,499489.1970857143
2020-07-15,499361.8160142857
2020-07-16,504015.25409999996
2020-07-17,539571.1753857143
2020-07-18,541357.7858285714
2020-07-19,543518.0907000001
2020-07-20,545509.2919714286
2020-07-21,549116.2999571429
2020-07-22,549832.5928714286
2020-07-23,543569.9101000001
2020-07-24,504537.9721857143
2020-07-25,503901.57398571435
2020-07-26,505287.92858571425
2020-07-27,504511.23632857145
2020-07-28,502383.70777142857
2020-07-29,502295.3150571429
2020-07-30,503510.4844142857
2020-07-31,507126.6995428572
2020-08-01,509308.38547142857
2020-08-02,508387.0633428572
2020-08-03,509402.4544428572
2020-08-04,511053.3029142857
2020-08-05,511675.30470000004
2020-08-06,511404.8453428572
2020-08-07,508207.27454285714
2020-08-08,503889.52195714286
2020-08-09,506414.63102857146
2020-08-10,508615.75259999995
2020-08-11,508993.17947142856
2020-08-12,508915.2751142857
2020-08-13,508514.08022857143
2020-08-14,512325.4784571429
2020-08-15,513615.68242857145
2020-08-16,511238.83981428575
2020-08-17,510000.64581428573
2020-08-18,508080.8612428572
2020-08-19,506872.0558857143
2020-08-20,505535.63815428567
2020-08-21,503001.35581142857
2020-08-22,500650.84158285713
2020-08-23,499108.4245685715
2020-08-24,496365.0362114286
2020-08-25,495979.4768685714
2020-08-26,491424.97946857143
2020-08-27,489825.3069
2020-08-28,486217.3690571428
2020-08-29,483711.00358571426
2020-08-30,482691.4924
2020-08-31,480748.3107714286
2020-09-01,479036.6408285714
2020-09-02,477093.7891857143
2020-09-03,474914.5111428571
2020-09-04,472660.84432857146
2020-09-05,471683.52678571426
2020-09-06,467116.3579
2020-09-07,461982.0965
2020-09-08,458817.16028571426
2020-09-09,456910.57552857144
2020-09-10,455913.3077857142
2020-09-11,454708.61799999996
2020-09-12,453623.04437142855
2020-09-13,453733.2084285714
2020-09-14,456495.4254714286
2020-09-15,455416.8459857143
2020-09-16,456855.6164
2020-09-17,455062.3121857143
2020-09-18,457235.13680000004
2020-09-19,459555.9803142858
2020-09-20,460415.7778142858
2020-09-21,460339.0639857143
2020-09-22,460829.3188142857
2020-09-23,462484.78660000005
2020-09-24,461839.23225714284
2020-09-25,460830.02558571426
2020-09-26,460558.1401428571
2020-09-27,458913.44147142855
2020-09-28,455779.7127857143
2020-09-29,454688.8157857143
2020-09-30,451326.67324285716
2020-10-01,442111.2549
2020-10-02,436180.0684857143
2020-10-03,429868.4856285714
2020-10-04,427563.05625714286
2020-10-05,427404.3153285714
2020-10-06,425428.2455571429
2020-10-07,424529.9622857143
2020-10-08,432509.3363571429
2020-10-09,435506.91798571433
2020-10-10,438665.01835714286
2020-10-11,440345.65587142855
2020-10-12,439184.2690428571
2020-10-13,439271.4454714285
2020-10-14,438600.67775714287
2020-10-15,438649.73445714277
2020-10-16,438077.91930000007
2020-10-17,436192.1536285714
2020-10-18,435713.23295714287
2020-10-19,438386.6637714286
2020-10-20,438609.46574285714
2020-10-21,440539.5478142857
2020-10-22,439999.76540000003
2020-10-23,438606.31017142854
2020-10-24,438892.0305142857
2020-10-25,439164.3294285714
2020-10-26,434570.28917142854
2020-10-27,436043.5682142857
2020-10-28,434413.4342571428
2020-10-29,434462.3063428571
2020-10-30,439015.38312857144
2020-10-31,440510.0984
2020-11-01,439761.6192142857
2020-11-02,443768.5592142857
2020-11-03,441296.4353142857
2020-11-04,442240.6823
2020-11-05,444334.5124857143
2020-11-06,440321.98137142864
2020-11-07,442010.01170000003
2020-11-08,442352.0106714286
2020-11-09,444317.3065142857
2020-11-10,443816.6888571429
2020-11-11,447499.93095714285
2020-11-12,447467.6286
2020-11-13,452689.79295714287
2020-11-14,451127.73781428573
2020-11-15,453388.3498428571
2020-11-16,453412.3059857143
2020-11-17,458726.9914285714
2020-11-18,456053.69795714284
2020-11-19,458435.84040000004
2020-11-20,455367.64692857146
2020-11-21,457293.1378714285
2020-11-22,457508.2240857143
2020-11-23,455369.5100571429
2020-11-24,451521.2628
2020-11-25,452533.2039
2020-11-26,449116.46032857144
2020-11-27,448262.32747142855
2020-11-28,445463.01090000005
2020-11-29,439946.80455714284
2020-11-30,436595.79817142856
2020-12-01,428291.55158571433
2020-12-02,418449.8413
2020-12-03,411161.33964285714
2020-12-04,404877.8234857143
2020-12-05,398872.8870285714
2020-12-06,397832.5077285714
2020-12-07,392493.74482857145
2020-12-08,395567.9633842857
2020-12-09,394618.99444142863
2020-12-10,394532.9181842857
2020-12-11,395124.40678428573
2020-12-12,395364.7562557143
2020-12-13,394647.1285271429
2020-12-14,395349.89835571434
2020-12-15,393119.4706285714
2020-12-16,394720.1464285715
2020-12-17,395545.5843657143
2020-12-18,393837.27055142855
2020-12-19,395056.9232514286
2020-12-20,393816.7968514286
2020-12-21,395056.6075942857
2020-12-22,398708.24336571427
2020-12-23,398313.9677228571
2020-12-24,398018.57117714285
2020-12-25,399375.6742771429
2020-12-26,398306.01382
2020-12-27,399183.80660571426
2020-12-28,397861.4138057143
2020-12-29,394879.60271999997
2020-12-30,395485.24596285715
2020-12-31,394894.495
2021-01-01,392797.5762857143
2021-01-02,394814.14715714287
2021-01-03,395716.66554285714
2021-01-04,397910.8202142857
2021-01-05,399736.5760857143
2021-01-06,399540.53234285716
2021-01-07,400466.6573142857
2021-01-08,403889.15607142856
2021-01-09,404403.04192857136
2021-01-10,406929.4452142857
2021-01-11,411885.52254285716
2021-01-12,418333.7178857143
2021-01-13,433132.3414428572
2021-01-14,449086.9553285715
2021-01-15,457636.6279571429
2021-01-16,465257.9165142857
2021-01-17,468592.7738142857
2021-01-18,471687.0630857143
2021-01-19,468443.0393285714
2021-01-20,461227.27858571423
2021-01-21,450979.22209999996
2021-01-22,445075.5906428571
2021-01-23,441093.24698571424
2021-01-24,445079.0887285714
2021-01-25,441766.9318428571
2021-01-26,442408.33352857135
2021-01-27,438373.57552857144
2021-01-28,436943.2134571429
2021-01-29,436846.95008571434
2021-01-30,436643.32417142857
2021-01-31,434461.75210000004
2021-02-01,434391.08134285716
2021-02-02,431321.58145714283
2021-02-03,431077.27815714286
2021-02-04,429275.72505714284
2021-02-05,425789.0326714286
2021-02-06,424821.45067142864
2021-02-07,417254.4417
2021-02-08,416358.95001428574
2021-02-09,416840.8537285714
2021-02-10,418176.65064285713
2021-02-11,418066.03467142856
2021-02-12,416148.11698571435
2021-02-13,410975.7984528571
2021-02-14,413017.40288142854
2021-02-15,407469.8364528571
2021-02-16,406025.4633957143
2021-02-17,402735.28172428574
2021-02-18,402255.9272242858
2021-02-19,406781.04931
2021-02-20,408498.2627428571
2021-02-21,409297.2999857143
2021-02-22,412291.8512857143
2021-02-23,412088.65121428575
2021-02-24,413000.47927142854
2021-02-25,412179.71878999996
2021-02-26,410878.7552757143
2021-02-27,411763.02253285714
2021-02-28,409927.4852899999
2021-03-01,410520.04933285713
2021-03-02,411763.7310757143
2021-03-03,411567.00697000005
2021-03-04,411772.0920657143
2021-03-05,413680.9605371429
2021-03-06,412652.62238
2021-03-07,412702.4250371429
2021-03-08,412490.6048085714
2021-03-09,412123.4906942857
2021-03-10,412853.8155428571
2021-03-11,412520.32828571426
2021-03-12,409520.6585057142
2021-03-13,410312.7813914286
2021-03-14,410359.4945857143
2021-03-15,410077.95406285714
2021-03-16,410250.78547714284
2021-03-17,409974.94612857146
2021-03-18,409752.7324628571
2021-03-19,410849.15520000004
2021-03-20,407862.43243285717
2021-03-21,408181.72311
2021-03-22,407188.6197614286
2021-03-23,406422.5030771429
2021-03-24,406790.40083999996
2021-03-25,408893.07230000006
2021-03-26,408860.80412285717
2021-03-27,409632.99105285713
2021-03-28,407961.69633857143
2021-03-29,408228.2865842857
2021-03-30,408931.65619714285
2021-03-31,408128.13741714286
2021-04-01,405166.25047285715
2021-04-02,406260.8229514286
2021-04-03,405633.3509742857
2021-04-04,405919.20721714286
2021-04-05,405799.23904142855
2021-04-06,406022.48648428574
2021-04-07,406419.13554999995
2021-04-08,407853.5364428571
2021-04-09,408338.6544271429
2021-04-10,410728.55257
2021-04-11,412041.84305571433
2021-04-12,409865.0575042857
2021-04-13,407038.49848428566
2021-04-14,403870.80765857146
2021-04-15,401453.36288714287
2021-04-16,398056.53165142855
2021-04-17,395110.69798
2021-04-18,394233.75974571425
2021-04-19,395100.0905428571
2021-04-20,395490.4151914286
2021-04-21,399689.2581742857
2021-04-22,402123.3307314286
2021-04-23,404137.10788142856
2021-04-24,407907.1521385714
2021-04-25,408512.7762442857
2021-04-26,408993.76388571423
2021-04-27,410448.1382071428
2021-04-28,408555.0305242857
2021-04-29,408130.08503857144
2021-04-30,407426.8424957143
2021-05-01,406041.14712428575
2021-05-02,406020.6278528572
2021-05-03,407386.07808142854
2021-05-04,407302.3757028571
2021-05-05,406748.50641428574
2021-05-06,406634.5285714286
2021-05-07,402202.94371142855
2021-05-08,400319.47888285713
2021-05-09,398295.75589714287
2021-05-10,393629.4453542857
2021-05-11,392828.24034
2021-05-12,393174.08668285713
2021-05-13,396386.61235428567
2021-05-14,402687.94812428573
2021-05-15,404922.79388142854
2021-05-16,406562.1142385714
2021-05-17,419554.51971
2021-05-18,419549.0736671429
2021-05-19,418911.1739528571
2021-05-20,414289.1864814286
2021-05-21,412163.6110142857
2021-05-22,411265.4280285714
2021-05-23,410704.52562857146
2021-05-24,400548.6036714286
2021-05-25,400574.5561414286
2021-05-26,399440.2310557143
2021-05-27,399608.22407
2021-05-28,398395.3102557143
2021-05-29,398942.47704142856
2021-05-30,397983.24737
2021-05-31,397769.48445571435
2021-06-01,398707.49011428567
2021-06-02,400309.8324571428
2021-06-03,399570.9390571429
2021-06-04,401228.6570571428
2021-06-05,401671.69670000003
2021-06-06,402076.32494285714
2021-06-07,403842.5626857142
2021-06-08,406204.5144142857
2021-06-09,409047.3956
2021-06-10,410855.5001571429
2021-06-11,411051.98852857144
2021-06-12,410910.8140285714
2021-06-13,411177.47718571423
2021-06-14,411970.90545714286
2021-06-15,408853.7384714286
2021-06-16,405625.80262857146
2021-06-17,404004.25478571426
2021-06-18,402117.80131428567
2021-06-19,404580.8494571429
2021-06-20,405733.19342857145
2021-06-21,404291.8869142857
2021-06-22,405053.7105
2021-06-23,404151.03089999995
2021-06-24,405563.13167142856
2021-06-25,409377.4320857143
2021-06-26,403754.63489999995
2021-06-27,403210.27208571427
2021-06-28,404029.0667
2021-06-29,405256.23094285716
2021-06-30,410196.84650000004
2021-07-01,410995.9745285715
2021-07-02,409926.6503
2021-07-03,410798.6771285715
2021-07-04,409007.0322571429
2021-07-05,406604.53299999994
2021-07-06,403921.9851428571
2021-07-07,401106.8585142857
2021-07-08,400557.50615714287
2021-07-09,399133.69771428563
2021-07-10,401376.9791571428
2021-07-11,402361.7888428572
2021-07-12,405544.1554142857
2021-07-13,408369.7915
2021-07-14,409768.0546571428
2021-07-15,412976.55899999995
2021-07-16,413186.73912857147
2021-07-17,412544.81138571433
2021-07-18,413182.11212857143
2021-07-19,416939.19244285714
2021-07-20,420402.7147857142
2021-07-21,424601.42275714286
2021-07-22,420052.29720000003
2021-07-23,424276.49372857145
2021-07-24,431318.6889142857
2021-07-25,434080.4599857143
2021-07-26,436347.4121428571
2021-07-27,435688.94026285707
2021-07-28,435312.41479142854
2021-07-29,443841.4579057143
2021-07-30,444304.19931000005
2021-07-31,443407.2680528571
2021-08-01,441686.47315285716
2021-08-02,438492.95041000005
2021-08-03,437238.15886142856
2021-08-04,438728.55434714287
2021-08-05,435534.09423285717
2021-08-06,436335.3396714286
2021-08-07,435202.4974571428
2021-08-08,439496.6024571429
2021-08-09,444701.6349285714
2021-08-10,444707.3683571429
2021-08-11,444557.2254142857
2021-08-12,443646.77817142854
2021-08-13,444309.7804714286
2021-08-14,439527.4050428572
2021-08-15,435685.41564285714
2021-08-16,429095.18291428575
2021-08-17,430075.83925714286
2021-08-18,426115.34082857147
2021-08-19,426747.1954285714
2021-08-20,424443.70017142856
2021-08-21,425273.25404285715
2021-08-22,426797.94868571433
2021-08-23,424926.5095
2021-08-24,424412.9238714286
2021-08-25,423158.17794285715
2021-08-26,424770.59555714286
2021-08-27,421363.64614285715
2021-08-28,423291.9660285714
2021-08-29,419213.79018571426
2021-08-30,420271.8251571428
2021-08-31,417044.12794285716
2021-09-01,418415.55878571427
2021-09-02,412943.5021714286
2021-09-03,418226.1622857143
2021-09-04,425580.1929
2021-09-05,428111.11444285716
2021-09-06,426821.7185285714
2021-09-07,427359.7940857143
2021-09-08,426686.43729999993
2021-09-09,429574.11887142854
2021-09-10,425506.4837857143
2021-09-11,419006.6083857143
2021-09-12,419546.0697285714
2021-09-13,420118.91255714284
2021-09-14,421598.7871142857
2021-09-15,422668.74755714287
2021-09-16,423823.1198157143
2021-09-17,423290.5233585714
2021-09-18,423639.9566157143
2021-09-19,420592.03515857144
2021-09-20,418819.84658714285
2021-09-21,411980.8742157143
2021-09-22,409962.08994428575
2021-09-23,407084.6193285714
2021-09-24,407536.0880714286
2021-09-25,404069.2068
2021-09-26,406297.8426
2021-09-27,406030.79586571426
2021-09-28,413302.3385657143
2021-09-29,412485.8284371429
2021-09-30,413883.19602285716
2021-10-01,415118.51242285717
2021-10-02,415922.49040857144
2021-10-03,414769.36468000006
2021-10-04,417399.6993142857
2021-10-05,418269.27675714286
2021-10-06,419252.9072428571
2021-10-07,417235.3715757142
2021-10-08,414280.07061857136
2021-10-09,414826.46444714285
2021-10-10,413982.90444714285
2021-10-11,413181.14676142856
2021-10-12,414473.4029042857
2021-10-13,412401.83935571427
2021-10-14,414463.37528
2021-10-15,413127.7903228571
2021-10-16,411759.60125142854
2021-10-17,413336.8026685714
2021-10-18,413330.09918285714
2021-10-19,409086.13932571426
2021-10-20,410666.5935742857
2021-10-21,398845.81546000007
2021-10-22,403261.8941457143
2021-10-23,405636.81536
2021-10-24,404130.4989571429
2021-10-25,402806.90560000006
2021-10-26,403339.46714285715
2021-10-27,401663.94529999996
2021-10-28,415719.5728714285
2021-10-29,414614.1661857143
2021-10-30,413819.12451428577
2021-10-31,414928.31517142855
2021-11-01,416428.9376857142
2021-11-02,418333.91591428575
2021-11-03,420737.11755714286
2021-11-04,416674.67155714286
2021-11-05,417898.6034571429
2021-11-06,418156.83867142856
2021-11-07,418536.6760714286
2021-11-08,419136.8643285715
2021-11-09,415724.68154285714
2021-11-10,414388.91472857137
2021-11-11,414842.5072714286
2021-11-12,413082.6089714286
2021-11-13,411616.92812857137
2021-11-14,410607.7993857143
2021-11-15,412233.82462857146
2021-11-16,417294.12495714286
2021-11-17,420312.40420000005
2021-11-18,423966.12504285714
2021-11-19,425752.7961714286
2021-11-20,427203.9789
2021-11-21,430227.5963714286
2021-11-22,429038.97603571427
2021-11-23,424707.1310071429
2021-11-24,423937.06719285715
2021-11-25,421972.4449357143
2021-11-26,421767.6064785714
2021-11-27,421645.0645071428
2021-11-28,419442.6638785714
2021-11-29,419640.2443428571
2021-11-30,420063.91862857144
2021-12-01,417769.96584285714
2021-12-02,417108.7519
2021-12-03,416098.4904714286
2021-12-04,415440.4287714286
2021-12-05,415007.2764428571
2021-12-06,416817.8519857143
2021-12-07,417954.48074285715
2021-12-08,419253.6726285714
2021-12-09,419382.2944714286
2021-12-10,419322.13224285713
2021-12-11,419135.5907714286
2021-12-12,420059.0112
2021-12-13,414884.8956428572
2021-12-14,415630.54188571434
2021-12-15,414143.95930000005
2021-12-16,409849.5632142857
2021-12-17,394688.03145714285
2021-12-18,392224.85772857146
2021-12-19,391917.56547142856
2021-12-20,391023.8837
2021-12-21,387643.5947428571
2021-12-22,388214.3042571428
2021-12-23,388920.0416857143
2021-12-24,401537.87562857143
2021-12-25,402486.48089999997
2021-12-26,401703.98648571427
2021-12-27,404744.3169714286
2021-12-28,406883.66132857144
2021-12-29,405563.1983
2021-12-30,406358.81737142854
2021-12-31,408596.4980285714
2022-01-01,408433.0638
2022-01-02,406179.1197285714
2022-01-03,406703.9071142857
2022-01-04,404549.8300857143
2022-01-05,404272.5960285714
2022-01-06,404335.6110142857
2022-01-07,403069.32028571423
2022-01-08,404058.8431285714
2022-01-09,404857.8492142857
2022-01-10,404662.6560142857
2022-01-11,404932.67948571424
2022-01-12,405996.21242857137
2022-01-13,405499.00989999995
2022-01-14,405632.8196428571
2022-01-15,406330.5935
2022-01-16,407445.8315285714
2022-01-17,406380.1297571428
2022-01-18,407352.8605142857
2022-01-19,408403.59260000003
2022-01-20,409424.95887142856
2022-01-21,409845.8533714285
2022-01-22,409509.07445714285
2022-01-23,412697.91734285717
2022-01-24,412066.24069999997
2022-01-25,411751.0643142857
2022-01-26,413204.6792285714
2022-01-27,413502.2421
2022-01-28,414672.2566142857
2022-01-29,416043.4096
2022-01-30,413793.1312
2022-01-31,413518.36824285716
2022-02-01,408278.6498285714
2022-02-02,406602.55094285717
2022-02-03,407529.42032857146
2022-02-04,404005.6943142857
2022-02-05,403745.0963714286
2022-02-06,401798.72198571434
2022-02-07,403178.33509999997
2022-02-08,409445.92470000003
2022-02-09,411090.85631428566
2022-02-10,409699.24815714284
2022-02-11,412274.6394428572
2022-02-12,413995.3906
2022-02-13,415302.3635
2022-02-14,418384.95277142857
2022-02-15,417598.65961428575
2022-02-16,415759.0056285714
2022-02-17,416963.9182142857
2022-02-18,417604.6925571429
2022-02-19,415194.532
2022-02-20,418824.3024
2022-02-21,415483.04449999996
2022-02-22,418216.3306142857
2022-02-23,417833.65064285713
2022-02-24,418726.1228285715
2022-02-25,419542.8625
2022-02-26,420636.40581428574
2022-02-27,419229.4192857143
2022-02-28,420313.7664428571
2022-03-01,420188.2844428572
2022-03-02,421275.24088571424
2022-03-03,420632.13105714286
2022-03-04,420208.7484714286
2022-03-05,420341.87768571434
2022-03-06,418701.87695
2022-03-07,418625.3827642858
2022-03-08,419503.04722142854
2022-03-09,420209.2550928571
2022-03-10,419237.85164999997
2022-03-11,420900.8788642857
2022-03-12,419232.4673928571
2022-03-13,419329.1203857143
2022-03-14,421277.71075714286
2022-03-15,418905.2841142858
2022-03-16,418950.2435428572
2022-03-17,418754.513
2022-03-18,416027.86362857145
2022-03-19,415365.69365714287
2022-03-20,414151.83182857145
2022-03-21,413508.36537142855
2022-03-22,413483.3129571428
2022-03-23,412272.0726
2022-03-24,413943.6911142858
2022-03-25,414214.7895142857
2022-03-26,416154.6842714286
2022-03-27,417204.2841428571
2022-03-28,416007.7908571428
2022-03-29,417193.89715714287
2022-03-30,417365.2196428571
2022-03-31,416296.6120857143
2022-04-01,416319.9873428571
2022-04-02,416629.1814285714
2022-04-03,417466.8932
2022-04-04,417179.7604142857
2022-04-05,416751.6520285714
2022-04-06,416387.5702
2022-04-07,416315.1527714286
2022-04-08,418171.8121142857
2022-04-09,421150.91288571426
2022-04-10,421574.83151428576
2022-04-11,425880.1022
2022-04-12,430556.79547142854
2022-04-13,431797.40564285713
2022-04-14,436030.6402285714
2022-04-15,437001.9475714286
2022-04-16,434905.2780142858
2022-04-17,432589.7425
2022-04-18,427639.62504285714
2022-04-19,421984.28550000006
2022-04-20,419875.9606428571
2022-04-21,416663.6974142857
2022-04-22,415522.2667428572
2022-04-23,413696.61885714286
2022-04-24,417089.9640857143
2022-04-25,416405.0291714286
2022-04-26,417272.38585714286
2022-04-27,418229.79870000004
2022-04-28,417683.5188857143
2022-04-29,415032.75492857146
2022-04-30,415668.55062857136
2022-05-01,413174.4125857143
2022-05-02,414183.2156314286
2022-05-03,414379.3315457143
2022-05-04,413779.74231714284
2022-05-05,413903.6420314286
2022-05-06,415235.65500285715
2022-05-07,414542.0925314286
2022-05-08,414467.5395742857
2022-05-09,413872.8944428571
2022-05-10,413887.94085714285
2022-05-11,413405.55074285716
2022-05-12,417826.71502857143
2022-05-13,416766.4352
2022-05-14,417098.86787142855
2022-05-15,418122.2240571428
2022-05-16,417352.28729999997
2022-05-17,415268.9238714286
2022-05-18,419999.6055571429
2022-05-19,416033.11952857143
2022-05-20,419011.86104
2022-05-21,420079.70231142855
2022-05-22,422019.6108971429
2022-05-23,425133.7256971429
2022-05-24,428137.86854
2022-05-25,427332.4477257143
2022-05-26,428116.1288685714
2022-05-27,427114.6477285714
2022-05-28,426057.2507142857
2022-05-29,425707.35462857137
2022-05-30,422169.18572857144
2022-05-31,420831.3185
2022-06-01,422088.6015
2022-06-02,420258.16658571427
2022-06-03,423913.02234285715
2022-06-04,424941.23647142854
2022-06-05,421015.1403857143
2022-06-06,424493.46574285714
2022-06-07,424132.74002857145
2022-06-08,420168.2684285714
2022-06-09,424127.6375571429
2022-06-10,419621.9980857143
2022-06-11,419156.58770000003
2022-06-12,423698.59295714286
2022-06-13,423684.43642857147
2022-06-14,423564.9380857143
2022-06-15,423756.06445714284
2022-06-16,421554.9675428571
2022-06-17,423943.24418571434
2022-06-18,424824.1132285714
2022-06-19,425344.4207
2022-06-20,427821.18014285713
2022-06-21,430205.16037142853
2022-06-22,435268.7274142857
2022-06-23,436456.64651428576
2022-06-24,435796.34382857144
2022-06-25,436625.59494285716
2022-06-26,435254.4530571429
2022-06-27,433187.78858571436
2022-06-28,432994.98635714286
2022-06-29,430241.0702285714
2022-06-30,431345.4353571428
2022-07-01,431544.2050042857
2022-07-02,431860.39748999994
2022-07-03,431467.54031857144
2022-07-04,431761.1455242857
2022-07-05,432542.6213242857
2022-07-06,435550.95628142863
2022-07-07,437424.05735285714
2022-07-08,436395.47324857145
2022-07-09,432870.6468628571
2022-07-10,433129.7141628572
2022-07-11,430667.5525857143
2022-07-12,430314.66352857143
2022-07-13,425680.27021428576
2022-07-14,422586.7751142857
2022-07-15,421820.29490000004
2022-07-16,423087.5769428572
2022-07-17,423628.65399571427
2022-07-18,421559.15189571434
2022-07-19,420727.9449671429
2022-07-20,423415.07075285714
2022-07-21,424864.22591000004
2022-07-22,428248.14808142855
2022-07-23,429004.9359814286
2022-07-24,428064.077
2022-07-25,433045.18367142853
2022-07-26,435952.69325714285
2022-07-27,438001.33864285715
2022-07-28,438319.35804285714
2022-07-29,439882.0081428572
2022-07-30,440890.38139999995
2022-07-31,441185.0281428572
2022-08-01,442764.2275857143
2022-08-02,440904.81902857136
2022-08-03,441131.7558714286
2022-08-04,442083.6776
2022-08-05,441184.3518571429
2022-08-06,442354.0587714286
2022-08-07,443502.75955714285
2022-08-08,444385.8620142857
2022-08-09,444361.1238857143
2022-08-10,443466.7043
2022-08-11,443418.2684714286
2022-08-12,443766.1891142857
2022-08-13,443841.2178285714
2022-08-14,443332.03511428565
2022-08-15,442781.22597142856
2022-08-16,442846.8461
2022-08-17,440240.99501428567
2022-08-18,437659.4071285714
2022-08-19,434095.50345714286
2022-08-20,431244.4304857142
2022-08-21,431265.2481428571
2022-08-22,426674.42222857143
2022-08-23,424941.0303857143
2022-08-24,424563.75602857146
2022-08-25,423052.3985142857
2022-08-26,424255.0888714286
2022-08-27,424185.0464
2022-08-28,425005.2343142857
2022-08-29,426570.79112857144
2022-08-30,410316.0722285714
2022-08-31,421719.8957714286
2022-09-01,437591.3863142856
2022-09-02,455080.89388571435
2022-09-03,473090.14550000004
2022-09-04,483219.7805
2022-09-05,498626.92001428566
2022-09-06,529473.6142857143
2022-09-07,533070.4571428571
2022-09-08,537905.6714285713
2022-09-09,530536.9
2022-09-10,518432.7571428571
2022-09-11,514997.85714285716
2022-09-12,513452.2285714285
2022-09-13,509640.9142857142
2022-09-14,496193.4285714286
2022-09-15,472250.85714285716
2022-09-16,454699.2571428571
2022-09-17,444834.35714285716
2022-09-18,430910.0857142857
2022-09-19,410256.0714285714
2022-09-20,394601.4285714286
2022-09-21,387105.0857142857
2022-09-22,384458.4142857143
2022-09-23,384758.9428571429
2022-09-24,381546.3857142857
2022-09-25,379881.0285714286
2022-09-26,380430.5571428572
2022-09-27,379682.4
2022-09-28,380844.84285714285
2022-09-29,380588.9857142857
2022-09-30,380461.14285714284
2022-10-01,380151.7285714285
2022-10-02,379721.0714285714
2022-10-03,378186.0285714286
2022-10-04,375836.4285714286
2022-10-05,372902.7714285715
2022-10-06,371922.3857142857
2022-10-07,370591.8
2022-10-08,370628.3857142857
2022-10-09,368209.02857142856
2022-10-10,368342.28571428574
2022-10-11,369595.0857142857
2022-10-12,370008.3428571429
2022-10-13,371787.9428571429
2022-10-14,371646.7571428572
2022-10-15,371268.62857142853
2022-10-16,374265.7428571429
2022-10-17,373017.5714285714
2022-10-18,371765.85714285716
2022-10-19,372104.4571428571
2022-10-20,369066.27142857143
2022-10-21,367757.4714285714
2022-10-22,369258.7428571429
2022-10-23,368904.35714285716
2022-10-24,368076.39999999997
2022-10-25,368209.4571428572
2022-10-26,366670.4285714286
2022-10-27,368183.22857142857
2022-10-28,370108.9285714286
2022-10-29,368679.9714285714
2022-10-30,368532.9714285714
2022-10-31,366875.3285714286
2022-11-01,367965.84285714285
2022-11-02,368523.2571428572
2022-11-03,369916.78571428574
2022-11-04,371982.5714285714
2022-11-05,377884.0428571428
2022-11-06,378962.52857142856
2022-11-07,385485.7428571429
2022-11-08,383980.3428571429
2022-11-09,384730.72857142857
2022-11-10,383946.85714285716
2022-11-11,380169.71428571426
2022-11-12,374519.78571428574
2022-11-13,372072.8
2022-11-14,369354.65714285715
2022-11-15,368998.14285714284
2022-11-16,367248.64285714284
2022-11-17,366615.0571428572
2022-11-18,366720.9714285714
2022-11-19,367840.21428571426
2022-11-20,369609.61428571434
2022-11-21,371421.22857142857
2022-11-22,377386.31428571424
2022-11-23,385312.4142857143
2022-11-24,392266.0
2022-11-25,398371.0857142857
2022-11-26,404925.5285714286
2022-11-27,412410.21428571426
2022-11-28,416278.14285714284
2022-11-29,416248.70000000007
2022-11-30,414731.7714285715
2022-12-01,411553.88571428566
2022-12-02,413440.3857142857
2022-12-03,410074.0142857143
2022-12-04,406731.5714285714
2022-12-05,407234.22857142857
2022-12-06,406798.2714285715
2022-12-07,407827.48571428575
2022-12-08,408437.28571428574
2022-12-09,404842.6571428571
2022-12-10,404665.28571428574
2022-12-11,406452.6571428571
2022-12-12,400493.2428571429
2022-12-13,400798.35714285716
2022-12-14,399107.71428571426
2022-12-15,396976.3428571429
2022-12-16,397125.71428571426
2022-12-17,396554.5571428571
2022-12-18,395231.1
2022-12-19,397271.1142857143
2022-12-20,397332.35714285716
2022-12-21,396828.5571428571
2022-12-22,396857.5571428571
2022-12-23,398107.5428571429
2022-12-24,397332.60000000003
2022-12-25,396927.8
2022-12-26,400503.14285714284
2022-12-27,400128.01428571425
2022-12-28,400059.82857142854
2022-12-29,402729.1
2022-12-30,400162.39999999997
2022-12-31,402188.8285714286
